Unnamed: 0,id,Addresse,Rue,no_local,code_postal,etage,Nom de la borne,telephone,enfant,type_etablissement,usage_1,usage_2,usage_3,type_scian,secteur_nom,classe_nom,neq,secteur_commercial,grandes_chaines,date_creation,date_modification,Longitude,Latitude
9,13ea58fc-6dc9-4586-a643-acdf292eb5a7,5954,Boulevard Bourque,,J1N 1H3,"1,2",LES AUTOMOBILES LACO 2006 INC.,819 864-6994,False,Commerce,Biens réfléchis,Vente de véhicule,Concessionnaires d'automobiles d'occasion,441120.0,Commerce de détail,Concessionnaires d'automobiles d'occasion,1163334791.0,Rock Forest - Deauville,False,2020-04-16,2024-06-20,-72.0137732,45.3565212
12,c1dab8df-e8ec-45d9-b57c-8ff8d74a6548,121,Chemin Godin,,J1R 0S6,1,AUTO REDRESSEMENT MICHEL MERCIER INC.,819 564-0997,False,Commerce de gros/para-industriel,Services aux consommateurs,Entretien automobile,"Réparation et entretien de la carrosserie, de la peinture et de l'intérieur de véhicules automobiles",811121.0,Autres services (sauf les administrations publiques),"Réparation et entretien de la carrosserie, de la peinture et de l'intérieur de véhicules automobiles",1146921649.0,Rock Forest - Deauville,False,2020-10-30,2024-08-02,-71.9989638,45.3933533
13,6263ed8a-aed6-49f8-a37f-61cba22f55dc,6618,Boulevard Bourque,,J1N 1H3,1,MAÇONNERIE TLT,819 342-1236,False,Commerce de gros/para-industriel,Construction,Construction,Entrepreneurs en travaux de maçonnerie,238140.0,Construction,Entrepreneurs en travaux de maçonnerie,1176137280.0,Rock Forest - Deauville,False,2022-08-10,2024-06-11,-72.0244579,45.3509828
15,5d744ce2-4140-4deb-81ca-5fa0a1d04abb,10240,Boulevard Bourque,,J1N 0G2,19,PUITS BERNIER (SIÈGE SOCIAL),819 346-7464,False,Commerce de gros/para-industriel,Construction,Construction,Construction d'aqueducs et d'égouts et structures connexes,237110.0,Construction,Construction d'aqueducs et d'égouts et structures connexes,1143211507.0,Rock Forest - Deauville,False,2020-09-21,2024-06-19,-72.0913937,45.30280930000001
16,afd2e862-d5f6-41f7-907d-df81b996c3ca,10201,Chemin Alexis-Contant,,J1N 3G1,1,ATELIER FOX MARINE,819 868-7001,False,Commerce,Services aux consommateurs,Réparation,Autres services de réparation et d'entretien d'articles personnels et ménagers,811490.0,Autres services (sauf les administrations publiques),Autres services de réparation et d'entretien d'articles personnels et ménagers,1171294359.0,Rock Forest - Deauville,False,2020-09-21,2024-06-19,-72.08849909999999,45.30324280000001
22,6f2aac38-62e9-486d-bcc8-49a87e0fc291,9321,Boulevard Bourque,,J1N 0G2,1,ALAIN LIZOTTE CONSTRUCTION,819 674-8997,False,Commerce de gros/para-industriel,Construction,Construction,Construction résidentielle,236110.0,Construction,Construction résidentielle,1163779854.0,Rock Forest - Deauville,False,2020-09-28,2024-07-29,-72.0769294,45.31549129999999
23,8fa8713f-4987-4ea3-8173-e00278d450e3,9250,Boulevard Bourque,,J1N 0G2,1,JW EXPRESS,819 868-1770,False,Commerce de gros/para-industriel,Transport,Transport de marchandises,"Transport par camion de marchandises diverses sur de longues distances, charge complète",484121.0,Transport et entreposage,"Transport par camion de marchandises diverses sur de longues distances, charge complète",1146631016.0,Rock Forest - Deauville,False,2020-09-21,2024-06-12,-72.0740154,45.31476149999999
24,b5cc2042-08c0-4785-b073-886909f151f9,8530,Boulevard Bourque,,J1N 0G2,"1, 2",POMPAGE DE BÉTON MC LTÉE,819 572-3135,False,Commerce de gros/para-industriel,Construction,Construction,Entrepreneurs en travaux de fondations et de structure en béton coulé,238110.0,Construction,Entrepreneurs en travaux de fondations et de structure en béton coulé,1142016568.0,Rock Forest - Deauville,False,2020-09-21,2024-06-11,-72.05782649999999,45.3260094
25,1d327fc5-2c13-4c3d-a16e-89b885e6056e,8683,Rue Saroy,,J1N 3J4,1,CLUB NAUTIQUE DU PETIT LAC MAGOG INC.,819 864-6130,False,Commerce,"Restauration, divertissement et hôtellerie",Installations sportives et de loisirs,Marinas,713930.0,"Arts, spectacles et loisirs",Marinas,1142308163.0,Rock Forest - Deauville,False,2020-09-21,2024-08-05,-72.042744,45.323182
26,81e34044-da2a-4b70-ab2a-08b64f2c4b90,3200,Chemin Saint-Roch Nord,,J1R 0H3,1,BAR LE SHELBY,819 569-9393,False,Commerce,"Restauration, divertissement et hôtellerie",Débits de boissons alcoolisées,Débits de boissons alcoolisées,722410.0,Services d'hébergement et de restauration,Débits de boissons alcoolisées,1166005422.0,Rock Forest - Deauville,False,2020-09-21,2024-07-31,-72.0411927,45.37045439999999
28,5a0643c9-770e-490f-a9ac-1c2c6d3e1652,534,Chemin Louis-Cayer,,J1R 0H7,"1, 2",SOL PERGOLA,819 300-2463,False,Commerce de gros/para-industriel,Commerce de gros,Commerce de gros,"Grossistes-marchands de machines, matériel et fournitures d'usage professionnel",417930.0,Commerce de gros,"Grossistes-marchands de machines, matériel et fournitures d'usage professionnel",1166557943.0,Rock Forest - Deauville,False,2020-09-21,2024-06-12,-72.03232009999999,45.3752043
31,dd028b5e-63f4-4ec7-969c-8bbea16d0c7e,1255,Chemin Saint-Roch Nord,,J1N 0H2,1,EMBLM,819 864-4281,False,Commerce de gros/para-industriel,Commerce de gros,Commerce de gros,Grossistes-marchands de machines et matériel de bureau et de magasin,417910.0,Commerce de gros,Grossistes-marchands de machines et matériel de bureau et de magasin,1143314756.0,Rock Forest - Deauville,False,2020-09-21,2024-07-31,-72.0311048,45.3513577
33,ed4377bb-371e-480b-a0ca-0a6a3adb521b,1230,Chemin Saint-Roch Sud,,J1N 0B2,1,BÉTON PRÉFONTAINE,819 864-0345,False,Commerce de gros/para-industriel,Construction,Construction,Entrepreneurs en travaux de fondations et de structure en béton coulé,238110.0,Construction,Entrepreneurs en travaux de fondations et de structure en béton coulé,1143741776.0,Rock Forest - Deauville,False,2020-09-21,2024-06-21,-72.0247383,45.349926700000005
34,c5d4aa82-1b8c-41d9-804d-4bcc6339bc18,6598,Boulevard Bourque,,J1N 1H3,"1,2",UNI-PRO GARAGE JEAN MATHIEU,819 612-0809,False,Commerce,Services aux consommateurs,Entretien automobile,Réparations générales de véhicules automobiles,811111.0,Autres services (sauf les administrations publiques),Réparations générales de véhicules automobiles,1165274946.0,Rock Forest - Deauville,True,2020-04-16,2024-06-11,-72.0236015,45.35124
36,1491ea51-b8cb-4001-af39-67e10b620a1f,3205,Rue Albert-Boudreau,,J1G 5J1,1,AUTOBUS DES CANTONS INC.,819 346-1995,False,Commerce de gros/para-industriel,Transport,Transport de personnes,Transport scolaire et transport d'employés par autobus,485410.0,Transport et entreposage,Transport scolaire et transport d'employés par autobus,1149295991.0,Rock Forest - Deauville,False,2020-09-21,2024-06-21,-72.02348479999999,45.349621
37,3ba8b23d-cf14-4df8-81b3-b23189cb8d85,5920,Boulevard Bourque,,J1N 1H3,1,CASERNE INCENDIE JACQUES-DENAULT,819 823-8000,False,Institution,Organismes publics et privés,Organismes publics,Services municipaux de lutte contre les incendies,913140.0,Administrations publiques,Services municipaux de lutte contre les incendies,8831854920.0,Rock Forest - Deauville,False,2020-04-16,2024-06-20,-72.0114159,45.3568787
49,86789b13-3c17-47ea-b562-f1425d6c7672,818,Chemin Godin,,J1R 0S6,1,SHER AUVENTS,819 822-4242,False,Commerce de gros/para-industriel,Fabrication,Textiles,Usines de sacs en textile et de grosse toile,314910.0,Fabrication,Usines de sacs en textile et de grosse toile,1169761534.0,Rock Forest - Deauville,False,2020-10-30,2024-08-02,-72.00368399999999,45.3781608
60,9a9eb53f-a354-4f6b-a601-5ca320b7ef1e,137,Chemin Godin,,J1R 0S6,"1,2",A. BOURQUE ACIER ET MÉTAUX,819 569-6960,False,Commerce de gros/para-industriel,Services d'affaires,Services de gestion des déchets,Installations de récupération de matériaux,562920.0,"Services administratifs, services de soutien, services de gestion des déchets et services d'assainissement",Installations de récupération de matériaux,1143077957.0,Rock Forest - Deauville,False,2020-10-30,2024-08-02,-71.999409,45.392837400000005
62,6019e115-ea2a-437c-abb7-5e755fef076f,71,Chemin Godin,,J1R 0S6,1,DÉNEIGEMENT PATRICE BOISVERT,819 200-1390,False,Commerce de gros/para-industriel,Services d'affaires,Services d'entretien d'immeuble,Tous les autres services relatifs aux bâtiments et aux logements,561799.0,"Services administratifs, services de soutien, services de gestion des déchets et services d'assainissement",Tous les autres services relatifs aux bâtiments et aux logements,2267958264.0,Rock Forest - Deauville,False,2022-02-17,2024-08-02,-71.99745709999999,45.3929627
147,31b255d2-1929-48a8-a32f-69ee11e4f51a,8650,Boulevard Bourque,,J1N 0G2,1,PLANCHER PROJET DESIGN,819-861-2826,False,Commerce,Biens réfléchis,Matériaux de construction spécialisés,Magasins de revêtements de sol,449121.0,Commerce de détail,Détaillants de revêtements de sol,1171460356.0,Rock Forest - Deauville,False,2021-01-11,2024-06-11,-72.06161569999999,45.323344
153,1c2c878b-900c-4387-9900-99bfdb65d146,1930,Chemin Godin,,J1R 0H8,1,EXCAVATION STÉPHANE BERGERON INC.,819 678-7478,False,Commerce de gros/para-industriel,Construction,Construction,Entrepreneurs en préparation de terrains,238910.0,Construction,Entrepreneurs en préparation de terrains,1175112797.0,Rock Forest - Deauville,False,2022-01-19,2024-07-31,-72.0217542,45.373581300000005
159,eb6fd6a4-2fc4-4b43-b7a2-ed447dc7c0cf,1805,Rue Luce-Dufresne,,J1R 0W9,"1, 2",ÉCOLE PRIMAIRE DE LA CROISÉE,819 822-1486,False,Institution,Services d'enseignement,Services d'enseignement,Écoles primaires et secondaires,611110.0,Services d'enseignement,Écoles primaires et secondaires,8831850100.0,Rock Forest - Deauville,False,2021-03-15,2024-08-02,-71.9982567,45.3839367
166,ecf58e88-f4e7-42f2-9df6-19fe8babaa90,9931,Boulevard Bourque,,J1N 0G2,1,EXCAVATION MV,819 868-2525,False,Commerce de gros/para-industriel,Construction,Construction,Entrepreneurs en préparation de terrains,238910.0,Construction,Entrepreneurs en préparation de terrains,1169014124.0,Rock Forest - Deauville,False,2020-09-21,2024-07-29,-72.08668709999999,45.3090427
167,86c17a1f-32b6-4154-bc66-9f027c0654ab,9980,Boulevard Bourque,,J1N 0G2,"1, 2",JARDIN FLEURI M.R.  INC.,819 847-2888,False,Commerce,Biens semi-courants,"Quincaillerie, centre de rénovation, jardinage",Pépinières et centres de jardinage,444240.0,Commerce de détail,Pépinières et centres de jardinage,1148991178.0,Rock Forest - Deauville,False,2020-09-21,2024-06-19,-72.087657,45.3057393
169,ea8ece50-019a-47c0-8063-d1228a9b1430,6818,Boulevard Bourque,,J1N 1H2,1,TOITURES INDUSTRIE PRO,819 933-1343,False,Commerce de gros/para-industriel,Construction,Construction,Entrepreneurs en travaux de toiture,238160.0,Construction,Entrepreneurs en travaux de toiture,1168064534.0,Rock Forest - Deauville,False,2020-09-21,2024-06-11,-72.0291739,45.3483135
175,3efcc9c3-7294-4c64-9fdd-5eee58d3fe45,9930,Boulevard Bourque,202-203-204,J1N 0G2,"1,2",CONSTRUCTIONS MORIN,819 847 0006,False,Commerce de gros/para-industriel,Construction,Construction,Construction résidentielle,236110.0,Construction,Construction résidentielle,1141770207.0,Rock Forest - Deauville,False,2020-09-21,2024-06-19,-72.08667559999999,45.3063165
178,d26b6100-ec1c-45b6-a4ab-4fba142e2a7b,8242,Boulevard Bourque,,J1N 0G1,1,VACANT,,False,Commerce de gros/para-industriel,VACANT,VACANT,VACANT,999998.0,Vacant,VACANT,,Rock Forest - Deauville,False,2021-05-14,2024-06-11,-72.0524478,45.3319993
179,973d858f-bdcb-4b4d-89b1-05041212b524,9860,Boulevard Bourque,,J1N 0G2,1,SYSNERGIE,,False,Commerce de gros/para-industriel,Fabrication,Fabrication d'appareils électriques et électroniques,Fabrication de semi-conducteurs et d'autres composants électroniques,334410.0,Fabrication,Fabrication de semi-conducteurs et d'autres composants électroniques,,Rock Forest - Deauville,False,2024-09-30,,-72.08498469999999,45.3074323
189,ad3002e9-2ed7-414c-a312-2ffa724f1101,8750,Boulevard Bourque,,J1N 0G2,1,OVIDE ROUILLARD INC.,819 864-6969,False,Commerce de gros/para-industriel,Services d'affaires,Services de gestion des déchets,Collecte de déchets,562110.0,"Services administratifs, services de soutien, services de gestion des déchets et services d'assainissement",Collecte de déchets,1142751198.0,Rock Forest - Deauville,False,2020-09-21,2024-06-11,-72.06255159999999,45.3224937
190,e0cfc306-f38c-45db-9f83-8f4ef8b94a97,8510,Boulevard Bourque,,J1N 0G2,1,EXCAVATION ROBERT POTHIER,819 864-5000,False,Commerce de gros/para-industriel,Construction,Construction,Entrepreneurs en préparation de terrains,238910.0,Construction,Entrepreneurs en préparation de terrains,1145786399.0,Rock Forest - Deauville,False,2020-09-21,2024-06-11,-72.0572099,45.326746
192,2575ba57-0f02-436b-87a9-dcc35dcf83e1,9343,Boulevard Bourque,,J1N 0G2,"1,2",VR SOULIÈRE SHERBROOKE,1 855 702-5655,False,Commerce,Biens réfléchis,Vente de véhicule,Concessionnaires de véhicules récréatifs,441210.0,Commerce de détail,Concessionnaires de véhicules récréatifs,1174076241.0,Rock Forest - Deauville,False,2020-09-21,2024-07-29,-72.0776054,45.3146436
193,00db25a5-f0d8-46ac-8b2d-153b2de7e740,2685,Rue Roméo-Lacroix,,J1N 0H1,1,FOREX PLO,819 864-1106,False,Commerce de gros/para-industriel,Construction,Construction,Tous les autres entrepreneurs spécialisés,238990.0,Construction,Tous les autres entrepreneurs spécialisés,1166344334.0,Rock Forest - Deauville,False,2022-08-19,2024-07-29,-72.0939801,45.3051654
194,988ee52b-5a83-4d92-9257-f15383862cdb,10230,Boulevard Bourque,,J1N 0G2,"1,2",LACASSE & FILS MAÎTRES COUVREURS INC.,819 843-2681,False,Commerce de gros/para-industriel,Construction,Construction,Entrepreneurs en travaux de toiture,238160.0,Construction,Entrepreneurs en travaux de toiture,1141942541.0,Rock Forest - Deauville,False,2020-09-21,2024-06-19,-72.0903814,45.3037154
195,5587cbfd-0a7b-4dad-80c4-60596636f21e,9552,Boulevard Bourque,,J1N 0G2,1,MÉDIA SPEC,819 847-1705,False,Commerce de gros/para-industriel,Services aux consommateurs,Location,Location et location à bail d'autres machines et matériel d'usage commercial et industriel,532490.0,Services immobiliers et services de location et de location à bail,Location et location à bail d'autres machines et matériel d'usage commercial et industriel,1167326488.0,Rock Forest - Deauville,False,2020-09-21,2024-06-12,-72.0811781,45.3099977
198,0ea286bf-d2c6-4957-837a-4f1006a8f38b,73,Chemin Godin,,J1R 0S6,1,PLOMBERIE PCE,819 564-8300,False,Commerce de gros/para-industriel,Construction,Construction,"Entrepreneurs en plomberie, chauffage et climatisation",238220.0,Construction,"Entrepreneurs en plomberie, chauffage et climatisation",1163959118.0,Rock Forest - Deauville,False,2020-10-30,2024-08-01,-71.99763759999999,45.3938053
202,170f7e73-4695-4740-9dee-e898ece7f031,8205,Boulevard Bourque,,J1N 0G2,1,VACANT,,False,Commerce,VACANT,VACANT,VACANT,999998.0,Vacant,VACANT,,Rock Forest - Deauville,False,2023-05-29,2024-07-30,-72.05304049999998,45.3325266
203,1899fb5a-25e4-455f-9dfb-76399de4e16d,8213,Boulevard Bourque,,J1N 0G2,1,S3I MÉCANIQUE,819 374-4647,False,Commerce,Construction,Construction,Entrepreneurs en installation de tout autre équipement technique,238299.0,Construction,Entrepreneurs en installation de tout autre équipement technique,1176133792.0,Rock Forest - Deauville,False,2022-08-22,2024-07-30,-72.0530405,45.3325266
204,c970078a-e6aa-42ed-83aa-023416d47ea0,8201,Boulevard Bourque,,J1N 0G2,1,ÉCHANGEUR D’AIR.COM,819 674-3354,False,Commerce,Construction,Construction,"Entrepreneurs en plomberie, chauffage et climatisation",238220.0,Construction,"Entrepreneurs en plomberie, chauffage et climatisation",1168251230.0,Rock Forest - Deauville,False,2021-10-14,2024-07-30,-72.0530405,45.3325266
205,1a30d90c-a18c-4d09-8b29-340cf16559ef,8207,Boulevard Bourque,,J1N 0G2,1,SCM INNOVATION,819 612-0575,False,Commerce,Construction,Construction,Entrepreneurs en travaux de revêtements de sol,238330.0,Construction,Entrepreneurs en travaux de revêtements de sol,1177792539.0,Rock Forest - Deauville,False,2021-10-14,2024-07-30,-72.0530405,45.3325266
206,62a01e87-6114-48db-9c2a-a71dd9cc46ba,8203,Boulevard Bourque,,J1N 0G2,1,VACANT,,False,Commerce,VACANT,VACANT,VACANT,999998.0,Vacant,VACANT,,Rock Forest - Deauville,False,2021-10-14,2024-07-30,-72.0530405,45.3325266
207,ab0f2094-fc70-4e9d-9d59-3acf3c75c2be,5807,Boulevard Bourque,,J1N 1G8,1,REMISES GAGNON INC.,819 864-6766,False,Commerce de gros/para-industriel,Fabrication,Bois,Préfabrication de bâtiments en bois,321992.0,Fabrication,Préfabrication de bâtiments en bois,1164148927.0,Rock Forest - Deauville,False,2020-10-30,2024-07-30,-72.0100597,45.35971
230,f8e583bd-4f4a-4d3f-9795-f0b17a49c16f,5820,Boulevard Bourque,,J1N 1H3,1,TRANSPORT GÉO O. DUBOIS,819 864-6864,False,Commerce de gros/para-industriel,Commerce de gros,Commerce de gros,Entreposage et emmagasinage général,493110.0,Transport et entreposage,Entreposage et emmagasinage général,1148108690.0,Rock Forest - Deauville,False,2020-04-16,2024-06-20,-72.00904059999999,45.3590897
234,f4efecfb-017b-4b17-a18b-1e00f76226f3,6041,Boulevard Bourque,,J1N 1H2,1,L'ATOUT PRIX INC.,819 864-4377,False,Commerce,Biens semi-courants,Mode,Magasins de vêtements pour la famille,458114.0,Commerce de détail,Détaillants de vêtements pour la famille,1140596058.0,Rock Forest - Deauville,False,2020-09-21,2024-07-30,-72.0142219,45.3573891
235,9c058fe7-d21b-4120-aced-11706ec25317,6047,Boulevard Bourque,,J1N 1H2,1,EAU EXPERT ESTRIE,819 864-0636,False,Commerce,Construction,Construction,Construction d'aqueducs et d'égouts et structures connexes,237110.0,Construction,Construction d'aqueducs et d'égouts et structures connexes,1177966687.0,Rock Forest - Deauville,False,2020-09-21,2024-07-30,-72.0142219,45.3573891
236,5f61ecae-8c6e-44c9-91a9-e3777097a8e8,6210,Boulevard Bourque,,J1N 1H3,1,MOTEL DES CÈDRES,819 864-4322,False,Commerce,"Restauration, divertissement et hôtellerie",Hôtellerie,Motels,721114.0,Services d'hébergement et de restauration,Motels,1172574106.0,Rock Forest - Deauville,False,2020-04-16,2024-06-11,-72.0152339,45.3557818
239,e1d06929-e5ec-4b4e-8f69-fe663cdc42b5,1185,Chemin Saint-Roch Nord,,J1N 0H2,1,DÉNEIGEMENT NICOLAS LEBLOND,819 678-7700,False,Commerce de gros/para-industriel,Services d'affaires,Services d'entretien d'immeuble,Tous les autres services relatifs aux bâtiments et aux logements,561799.0,"Services administratifs, services de soutien, services de gestion des déchets et services d'assainissement",Tous les autres services relatifs aux bâtiments et aux logements,1146934022.0,Rock Forest - Deauville,False,2020-09-21,2024-07-31,-72.02856090000002,45.3507469
245,90861172-226d-4356-bf46-268dec8d5049,8345,Boulevard Bourque,,J1N 0G2,1,DÉNEIGEMENT B. BOIVIN,819 347-8881,False,Commerce de gros/para-industriel,Services d'affaires,Services d'entretien d'immeuble,Tous les autres services relatifs aux bâtiments et aux logements,561799.0,"Services administratifs, services de soutien, services de gestion des déchets et services d'assainissement",Tous les autres services relatifs aux bâtiments et aux logements,1149814015.0,Rock Forest - Deauville,False,2020-12-08,2024-07-29,-72.0566513,45.32926200000001
254,3fdc6f5c-d17a-4020-a05f-e872d27fd17a,10229,Boulevard Bourque,,J1N 0G2,1,ENTREPRISES AJR LACROIX (2014) INC.,1 800 565-4744,False,Commerce de gros/para-industriel,Commerce de gros,Commerce de gros,"Grossistes-marchands de matériel et fournitures de plomberie, de chauffage et de climatisation",416120.0,Commerce de gros,"Grossistes-marchands de matériel et fournitures de plomberie, de chauffage et de climatisation",1169665024.0,Rock Forest - Deauville,False,2020-09-21,2024-07-29,-72.0922045,45.3047614
257,5cb5ce1f-4b4d-4d73-a5b4-a116acc7ebb8,4750,Chemin Légaré,,J1N 3G8,"1,2",ESTRIE MARINE,819 864-4000,False,Commerce,Biens réfléchis,Vente de véhicule,"Concessionnaires de motocyclettes, de bateaux et d'autres véhicules automobiles",441220.0,Commerce de détail,"Concessionnaires de motocyclettes, de bateaux et d'autres véhicules automobiles",1174780479.0,Rock Forest - Deauville,False,2020-12-17,2024-07-29,-72.06554179999999,45.3241941
258,3b3ce0b3-ad1b-40f5-842f-38cd46ac27d2,10201,Rue du Panorama,,J1N 0G8,"1,2",EXCAVATION G. LEBLANC & PAVAGE ORFORD,819 843-2984,False,Commerce de gros/para-industriel,Construction,Construction,Entrepreneurs en préparation de terrains,238910.0,Construction,Entrepreneurs en préparation de terrains,1143518331.0,Rock Forest - Deauville,False,2020-09-21,2024-07-29,-72.0948949,45.3032512
260,4fa673de-fc2e-4f4c-86f0-a7e6d12ec4e6,8556,Boulevard Bourque,"101, 102, 103",J1N 0G2,1,QUAI LAFANTAISIE DOCK,819 213-6617,False,Commerce,Biens semi-courants,Marchandises spécialisées,Tous les autres magasins de détail divers (sauf les magasins de matériel pour la fabrication de la bière et du vin),459999.0,Commerce de détail,Tous les autres détaillants de détail divers (sauf les détaillants de matériel pour la fabrication de la bière et du vin),,Rock Forest - Deauville,False,2022-08-19,2024-06-11,-72.05977640820268,45.324333594806106
264,d5f878b4-9d1a-45ac-bec5-fd1fb02ab409,5711,Boulevard Bourque,,J1N 1G8,1,CANAC,819 864-6801,False,Commerce,Biens semi-courants,"Quincaillerie, centre de rénovation, jardinage",Centres de rénovation,444110.0,Commerce de détail,Centres de rénovation,1170898655.0,Rock Forest - Deauville,True,2020-10-30,2024-07-30,-72.0065982,45.362291
279,ec351a6a-2f85-4877-9d0b-38bbdd49a783,6791,Boulevard Bourque,A,J1N 3K4,1,ATELIER DESGAGNÉS INC.,819 346-5063,False,Commerce de gros/para-industriel,Fabrication,Fabrication de véhicules,Fabrication de remorques de camions,336212.0,Fabrication,Fabrication de remorques de camions,1148235618.0,Rock Forest - Deauville,False,2020-09-21,2024-07-30,-72.0285083,45.349654
287,4429179d-2b91-4ddf-b1b6-3a94e7b1fd9c,6805,Boulevard Bourque,,J1N 3K4,1,ENSEIGNES SHERBROOKE INC.,819 864-4118,False,Commerce de gros/para-industriel,Fabrication,Matériaux de construction,Fabrication d'enseignes,339950.0,Fabrication,Fabrication d'enseignes,1140262982.0,Rock Forest - Deauville,False,2020-09-21,2024-07-30,-72.02897039999999,45.3493794
291,8afd8300-8cfa-4c2a-a335-c3bb7ccd3658,8550,Boulevard Bourque,,J1N 0G2,1,VACANT,,False,Commerce de gros/para-industriel,VACANT,VACANT,VACANT,999998.0,Vacant,VACANT,,Rock Forest - Deauville,False,2021-05-14,2024-06-11,-72.05957863186003,45.32481593182296
299,97ff8d00-47fe-4619-a444-42946dc7d19c,8308,Boulevard Bourque,,J1N 3G7,"1, 2",IRON BULL STRENGTH,,False,Commerce de gros/para-industriel,Biens semi-courants,Sports,Tous les autres magasins d'articles de sport,459119.0,Commerce de détail,Tous les autres détaillants d'articles de sport,1178623691.0,Rock Forest - Deauville,False,2024-07-10,,-72.05326204115201,45.32997983358925
422,1cf84412-bdff-4df2-a070-03e7c2829dea,5829,Boulevard Bourque,,J1N 1G8,1,RÉFRIGÉRATION MORIN INC.,819 822-2715,False,Commerce,Services d'affaires,Entretien,Réparation et entretien de machines et de matériel d'usage commercial et industriel (sauf les véhicules automobiles et le matériel électronique),811310.0,Autres services (sauf les administrations publiques),Réparation et entretien de machines et de matériel d'usage commercial et industriel (sauf les véhicules automobiles et le matériel électronique),1140320491.0,Rock Forest - Deauville,False,2020-10-30,2024-07-30,-72.0108504,45.3592054
423,69cef819-781e-4d82-98e4-ce332aca10bd,5756,Boulevard Bourque,,J1N 1H3,1,VACANT,,False,Commerce,VACANT,VACANT,VACANT,999998.0,Vacant,VACANT,,Rock Forest - Deauville,False,2020-04-16,2024-06-20,-72.00726039999999,45.3600145
426,9f33e878-fe62-41ab-ade0-a25c10ca27ab,5746,Boulevard Bourque,B,J1N 1H3,1,HD PRO ESTHÉTIQUE,819 674-3396,False,Commerce,Services aux consommateurs,Entretien automobile,Lave-autos,811192.0,Autres services (sauf les administrations publiques),Lave-autos,2274843657.0,Rock Forest - Deauville,False,2022-08-03,2024-06-20,-72.00642069999999,45.3604504
436,c5171caf-2e11-4743-8edd-d263b9ab631c,5611,Boulevard Bourque,102,J1N 1G8,1,MAISON SUPLEX,819 571-7530,False,Commerce de gros/para-industriel,Construction,Construction,Entrepreneurs en autres travaux de finition de bâtiment,238390.0,Construction,Entrepreneurs en autres travaux de finition de bâtiment,1177744688.0,Rock Forest - Deauville,False,2020-04-16,2024-07-30,-72.0042761,45.36366580000001
438,6854a1cd-e33b-40f9-a0f7-d076f819f156,6061,Boulevard Bourque,,J1N 1H2,1,AMEUBLEMENT DE BUREAU JPM,819 864-7221,False,Commerce,Biens semi-courants,Marchandises d'occasion,Marchandises d'occasion,459510.0,Commerce de détail,Détaillants de marchandises d'occasion,1169688927.0,Rock Forest - Deauville,False,2020-09-21,2024-07-30,-72.0147255,45.35710539999999
439,f63dc9c6-f70c-4571-bb7d-c5b7254c39ff,6171,Boulevard Bourque,,J1N 1H2,1,LEPROHON INC.,819 563-2454,False,Commerce de gros/para-industriel,Construction,Construction,"Entrepreneurs en plomberie, chauffage et climatisation",238220.0,Construction,"Entrepreneurs en plomberie, chauffage et climatisation",1143419779.0,Rock Forest - Deauville,False,2020-09-21,2024-07-30,-72.0155516,45.3568457
440,e32ffc34-51a5-4af8-8b5b-ea91edf47279,6430,Boulevard Bourque,,J1N 1H3,1,AUTO 360 ESTRIE,819 432-8200,False,Commerce,Biens réfléchis,Vente de véhicule,Concessionnaires d'automobiles d'occasion,441120.0,Commerce de détail,Concessionnaires d'automobiles d'occasion,1166654310.0,Rock Forest - Deauville,False,2020-04-16,2024-06-20,-72.0199605,45.353217
441,7ddb0928-d71e-4fd0-ac69-2c4574ac69fb,6575,Boulevard Bourque,,J1N 1H2,1,PAYSAGE LAMBERT,819 864-6000,False,Commerce de gros/para-industriel,Services d'affaires,Services d'entretien d'immeuble,Services d'aménagement paysager,561730.0,"Services administratifs, services de soutien, services de gestion des déchets et services d'assainissement",Services d'aménagement paysager,1147550637.0,Rock Forest - Deauville,False,2020-09-21,2024-07-30,-72.0236762,45.3522144
442,8921b37c-4780-4ea5-bb32-9552608cc6e9,6619,Boulevard Bourque,,J1N 3K3,1,BOUTIQUE UNIFORMES TOWN & COUNTRY SHERBROOKE,819 864-0101,False,Commerce de gros/para-industriel,Biens semi-courants,Mode,Magasins de tous les autres types de vêtements,458119.0,Commerce de détail,Détaillants de tous les autres types de vêtements,1141619651.0,Rock Forest - Deauville,False,2020-09-21,2024-07-30,-72.0250786,45.3514111
443,7f717647-a957-4e2b-88fa-de4e829f6d94,6627,Boulevard Bourque,,J1N 3K3,1,LES TOILES JMB,819 864-4012,False,Commerce de gros/para-industriel,Fabrication,Textiles,Usines de sacs en textile et de grosse toile,314910.0,Fabrication,Usines de sacs en textile et de grosse toile,1173566663.0,Rock Forest - Deauville,False,2020-09-21,2024-07-30,-72.0250786,45.3514111
444,f92e388e-ce78-4943-9eac-f44085f0148f,6659,Boulevard Bourque,,J1N 3K3,1,RIVARD MÉCANIQUE,819 864-9696,False,Commerce,Services aux consommateurs,Entretien automobile,Réparations générales de véhicules automobiles,811111.0,Autres services (sauf les administrations publiques),Réparations générales de véhicules automobiles,2270109129.0,Rock Forest - Deauville,False,2020-09-21,2024-07-30,-72.0259612,45.35100799999999
445,e7892526-e8bc-420b-bc01-e813688bbe48,6538,Boulevard Bourque,,J1N 1H3,1,GROUPE NORDFAB SHERBROOKE,819 864-4242,False,Commerce de gros/para-industriel,Commerce de gros,Commerce de gros,Grossistes-marchands d'articles de quincaillerie,416330.0,Commerce de gros,Grossistes-marchands d'articles de quincaillerie,1172741648.0,Rock Forest - Deauville,False,2020-04-16,2024-06-11,-72.022233,45.35201
446,e65efe9d-4142-41c6-8c82-57c48ca7928d,6484,Boulevard Bourque,,J1N 1H3,"-1,1",BEQ TECHNOLOGY,1 844 427-7800,False,Commerce,Commerce de gros,Commerce de gros,Grossistes-marchands d'autres pièces et d'accessoires neufs pour véhicules automobiles,415290.0,Commerce de gros,Grossistes-marchands d'autres pièces et d'accessoires neufs pour véhicules automobiles,1174056607.0,Rock Forest - Deauville,False,2022-08-10,2024-06-11,-72.0218976,45.3522749
447,ef6814ff-9973-4248-baa7-811b232c4122,6478,Boulevard Bourque,,J1N 1H3,1,MOTEL LE SABRE,819 864-4231,False,Commerce,"Restauration, divertissement et hôtellerie",Hôtellerie,Motels,721114.0,Services d'hébergement et de restauration,Motels,1172176415.0,Rock Forest - Deauville,False,2020-04-16,2024-06-11,-72.0214252,45.3524895
448,f31d02a9-676e-457b-8c3c-f0a0f45ffb94,6346,Boulevard Bourque,,J1N 1H3,1,LES PIERRES D'AMÉRIQUE,819 574-5713,False,Commerce de gros/para-industriel,Commerce de gros,Commerce de gros,Grossistes-marchands de gammes spécialisées de fournitures de construction,416390.0,Commerce de gros,Grossistes-marchands de gammes spécialisées de fournitures de construction,1167420281.0,Rock Forest - Deauville,False,2020-04-16,2024-06-20,-72.0176223,45.354553
449,f52980da-2aeb-4773-b9eb-187940027567,6134,Boulevard Bourque,,J1N 1H3,1,AUTOS ÉVASION SHERBROOKE,1 877-864-0618,False,Commerce,Biens réfléchis,Vente de véhicule,Concessionnaires d'automobiles d'occasion,441120.0,Commerce de détail,Concessionnaires d'automobiles d'occasion,1162766043.0,Rock Forest - Deauville,False,2020-04-16,2024-06-20,-72.0148434,45.3560722
457,aca215fc-ecb5-463b-a55b-ce7eccb56287,6808,Boulevard Bourque,,J1N 1H2,1,BALCON FDVS,819 612-0795,False,Commerce de gros/para-industriel,Construction,Construction,"Entrepreneurs en autres travaux de fondations, de structure, et d'extérieur de bâtiment",238190.0,Construction,"Entrepreneurs en autres travaux de fondations, de structure, et d'extérieur de bâtiment",1173506982.0,Rock Forest - Deauville,False,2020-09-21,2024-06-11,-72.0285454,45.3484358
462,3265cdd2-7f95-40bb-85a2-73426e56c1aa,8241,Boulevard Bourque,,J1N 0G2,"1,2",SERVICE DE CAFÉ VAN HOUTTE,1 866 881-2233,False,Commerce de gros/para-industriel,Commerce de gros,Commerce de gros,Grossistes-marchands de boissons non alcoolisées,413210.0,Commerce de gros,Grossistes-marchands de boissons non alcoolisées,1171288385.0,Rock Forest - Deauville,False,2020-09-21,2024-07-29,-72.0540884,45.3317277
470,1738d526-27a9-474a-9325-1ea408783f00,10260,Boulevard Bourque,,J1N 0G2,"1,15",PIEUX VISTECH ESTRIE INC.,819 820-4240,False,Commerce de gros/para-industriel,Construction,Construction,Entrepreneurs en préparation de terrains,238910.0,Construction,Entrepreneurs en préparation de terrains,1172650484.0,Rock Forest - Deauville,False,2020-09-21,2024-06-19,-72.0926276,45.3015067
476,415000d8-5627-4cfd-99be-8ddebb99fe20,10164,Chemin Alexis-Contant,,J1N 3G1,1,ÉGLISE BAPTISTE LANDMARK DE LA CHARITÉ,819 349-3985,False,Institution,Organismes publics et privés,Organismes religieux,Organismes religieux,813110.0,Autres services (sauf les administrations publiques),Organismes religieux,1149620495.0,Rock Forest - Deauville,False,2020-09-21,2024-06-19,-72.08929189999999,45.3043458
477,903031b8-fd67-43cf-8d5d-b15f7bcfb43f,2932,Chemin Saint-Roch Nord,,J1R 0H3,1,MOTOS SPR,819 823-8513,False,Commerce,Biens réfléchis,Vente de véhicule,"Concessionnaires de motocyclettes, de bateaux et d'autres véhicules automobiles",441220.0,Commerce de détail,"Concessionnaires de motocyclettes, de bateaux et d'autres véhicules automobiles",3348412373.0,Rock Forest - Deauville,False,2020-09-21,2024-07-31,-72.03985128064024,45.365897533904246
483,95f68a05-e3d8-4394-a591-5f04aeb7b8a0,1270,Chemin Saint-Roch Sud,,J1N 2R2,1,ISHINE,819 821-3040,False,Commerce,Services aux consommateurs,Entretien automobile,Lave-autos,811192.0,Autres services (sauf les administrations publiques),Lave-autos,,Rock Forest - Deauville,False,2020-09-21,2024-06-21,-72.0234713,45.3498124
484,f2ea0030-0e10-49ce-beae-f97e53708f92,1155,Chemin Saint-Roch Nord,,J1N 0H2,"1,2",LES ÉQUIPEMENTS MARQUIS INC.,819 822-3382,False,Commerce de gros/para-industriel,Commerce de gros,Commerce de gros,"Grossistes-marchands de machines, matériel et fournitures industriels",417230.0,Commerce de gros,"Grossistes-marchands de machines, matériel et fournitures industriels",1141066101.0,Rock Forest - Deauville,False,2020-09-21,2024-07-31,-72.0273914,45.3509621
485,b83562a7-3f60-4b14-8252-c35a8a27802e,2690,Chemin Saint-Roch Nord,,J1R 0H3,1,FABRICATION ESSEN INC.,819 566-7163,False,Commerce de gros/para-industriel,Fabrication,Machinerie,Ateliers d'usinage,332710.0,Fabrication,Ateliers d'usinage,1145907649.0,Rock Forest - Deauville,False,2020-09-21,2024-07-31,-72.0408583,45.3622038
487,a132a81b-2688-41e2-9a73-bdad10465461,9441,Boulevard Bourque,,J1N 0G2,1,TERRAQUAVIE,819 846-3880,False,Commerce de gros/para-industriel,Fabrication,Autre fabrication,Toutes les autres activités diverses de fabrication,339990.0,Fabrication,Toutes les autres activités diverses de fabrication,1165778680.0,Rock Forest - Deauville,False,2020-09-21,2024-07-29,-72.0799763,45.31348920000001
488,6b60dc49-a36b-4310-9f87-6e4edf7ee2b7,9831,Boulevard Bourque,,J1N 0G2,1,MINI ENTREPÔTS LOGIC,819 300-2386,False,Commerce,Services aux consommateurs,Location,Mini-entrepôts libre-service,531130.0,Services immobiliers et services de location et de location à bail,Mini-entrepôts libre-service,1163332597.0,Rock Forest - Deauville,False,2020-09-21,2024-07-29,-72.0853145,45.310157
489,5df19fb7-f222-4f58-891b-ceff66cb9643,10295,Rue du Panorama,,J1N 0G8,1,JARDIN D'AMIS,,False,Commerce,Services professionnels,Centre de la petite enfance (CPE) et garderie,Services de garderie,624410.0,Soins de santé et assistance sociale,Services de garderie,,Rock Forest - Deauville,False,2023-05-31,2024-07-29,-72.0971805,45.30221909999999
490,0e08da08-e7a4-4d13-a4c8-f94993bcc47b,10281,Rue du Panorama,,J1N 0G8,1,LES COFFRAGES CARMEL INC.,819 843-2319,False,Commerce de gros/para-industriel,Construction,Construction,Entrepreneurs en travaux de fondations et de structure en béton coulé,238110.0,Construction,Entrepreneurs en travaux de fondations et de structure en béton coulé,1143664762.0,Rock Forest - Deauville,False,2020-09-21,2024-07-29,-72.0942591,45.3036347
491,1d7ae701-51fe-434d-970a-f52fe16700ef,2705,Rue Roméo-Lacroix,,J1N 0H1,1,COFFREX CONSTRUCTION,819 481-0718,False,Commerce de gros/para-industriel,Construction,Construction,"Entrepreneurs en autres travaux de fondations, de structure, et d'extérieur de bâtiment",238190.0,Construction,"Entrepreneurs en autres travaux de fondations, de structure, et d'extérieur de bâtiment",1172512155.0,Rock Forest - Deauville,False,2020-09-28,2024-07-29,-72.0940172,45.3045959
492,2d10177e-4ac5-40e9-b33a-bbcca225a1fd,2751,Rue Roméo-Lacroix,,J1N 0H1,1,CINÉ-PARC ORFORD,819 843-9575,False,Commerce,"Restauration, divertissement et hôtellerie",Diffusion culturelle,Présentation de films et de vidéos,512130.0,Industrie de l'information et industrie culturelle,Présentation de films et de vidéos,1175003343.0,Rock Forest - Deauville,False,2020-09-28,2024-07-29,-72.0993333,45.3041848
493,ab231a05-5844-4841-8ef3-823955e04f42,10290,Boulevard Bourque,,J1N 0G2,1,CENTRE DE LIQUIDATION LAMONTAGNE ENTREPÔT,819 868-1473,False,Commerce de gros/para-industriel,Commerce de gros,Commerce de gros,Grossistes-marchands de marchandises d'occasion (sauf les machines et les produits automobiles),418930.0,Commerce de gros,Grossistes-marchands de marchandises d'occasion (sauf les machines et les produits automobiles),1149073570.0,Rock Forest - Deauville,False,2020-09-21,2024-06-19,-72.09426619999999,45.3013971
494,bb791fc0-51b5-48ce-a93d-0f0522b26a79,10021,Boulevard Bourque,,J1N 0G2,1,LONGUS ESTRIE,819 843-3555,False,Commerce de gros/para-industriel,Commerce de gros,Commerce de gros,"Grossistes-marchands de machines, matériel et fournitures pour la construction et la foresterie",417210.0,Commerce de gros,"Grossistes-marchands de machines, matériel et fournitures pour la construction et la foresterie",1169334027.0,Rock Forest - Deauville,False,2020-09-21,2024-07-29,-72.09060699999999,45.3063165
495,7c24883b-7bac-4f08-a34a-76eb88b3c724,9071,Boulevard Bourque,,J1N 0G2,1,BOISERIE JRS,819 868-6785,False,Commerce de gros/para-industriel,Fabrication,Matériaux de construction,Fabrication d'autres menuiseries préfabriquées,321919.0,Fabrication,Fabrication d'autres menuiseries préfabriquées,1168883958.0,Rock Forest - Deauville,False,2020-09-21,2024-07-29,-72.07045959999999,45.3197938
496,c47fd255-2191-468b-bce0-2f3602bb563a,9111,Boulevard Bourque,,J1N 0G2,1,CLIMATISATION LAJOIE,819 437-5131,False,Commerce de gros/para-industriel,Construction,Construction,"Entrepreneurs en plomberie, chauffage et climatisation",238220.0,Construction,"Entrepreneurs en plomberie, chauffage et climatisation",1175721217.0,Rock Forest - Deauville,False,2020-09-21,2024-07-29,-72.071827,45.3187901
497,3271ef17-07f1-44f4-b74f-684175bf61e2,9101,Boulevard Bourque,,J1N 0G2,1,ENTREPOSAGE LAMONTAGNE,819 847-4213,False,Commerce,Services aux consommateurs,Location,Mini-entrepôts libre-service,531130.0,Services immobiliers et services de location et de location à bail,Mini-entrepôts libre-service,1149626674.0,Rock Forest - Deauville,False,2020-09-21,2024-07-29,-72.07118249999999,45.3192362
498,c71a6503-481f-4d7a-9546-bbbc545270bc,9275,Boulevard Bourque,,J1N 0G2,1,PRO-FAB SHERBROOKE,819 847-0005,False,Commerce de gros/para-industriel,Commerce de gros,Commerce de gros,Tous les autres grossistes-marchands,418990.0,Commerce de gros,Tous les autres grossistes-marchands,1166732017.0,Rock Forest - Deauville,False,2020-09-21,2024-07-29,-72.0763798,45.3157145
499,3579c3b2-2878-49bc-aec4-dc2d0c906db2,9691,Boulevard Bourque,,J1N 0G2,"1,2",QUALUNOX,819 847-1120,False,Commerce de gros/para-industriel,Fabrication,Machinerie,Ateliers d'usinage,332710.0,Fabrication,Ateliers d'usinage,1164175821.0,Rock Forest - Deauville,False,2020-09-21,2024-07-29,-72.08430020000002,45.3103241
500,d36d6d13-4037-4eee-80b3-53b7d317f5be,9500,Boulevard Bourque,,J1N 0G2,"1,2",FABEST,819 868-6803,False,Commerce de gros/para-industriel,Fabrication,Bois,Préfabrication de bâtiments en bois,321992.0,Fabrication,Préfabrication de bâtiments en bois,1173751539.0,Rock Forest - Deauville,False,2020-09-21,2024-06-12,-72.0806218,45.3103575
506,3b5de256-0ecd-4481-9eb6-1963c128d06c,9880,Boulevard Bourque,,J1N 0G2,1,DE LA FONTAINE DIVISION TRANSPORT,819 843-9333,False,Commerce de gros/para-industriel,Transport,Transport de marchandises,"Transport par camion de marchandises diverses sur de longues distances, charge complète",484121.0,Transport et entreposage,"Transport par camion de marchandises diverses sur de longues distances, charge complète",1143046051.0,Rock Forest - Deauville,False,2020-09-21,2024-06-19,-72.0853178,45.30692829999999
540,c71609c4-cf12-4d96-991f-09d6083b256a,6650,Boulevard Bourque,1,J1N 1H3,2,AGENCE MAMBA INC.,819 674-5729,False,Commerce,Services d'affaires,"Industrie de l'information, des arts et de la culture",Agences de publicité,541810.0,"Services professionnels, scientifiques et techniques",Agences de publicité,,Rock Forest - Deauville,False,2023-10-27,2024-06-20,-72.02480982138098,45.35059323085769
549,4b8f459c-7e0c-4396-9339-955f967d47bf,5899,Rue Joyal,,J1N 1H1,1,DYNAMITAGE CASTONGUAY LTÉE,819 864-4201,False,Commerce de gros/para-industriel,Construction,Construction,Entrepreneurs en préparation de terrains,238910.0,Construction,Entrepreneurs en préparation de terrains,1173017931.0,Rock Forest - Deauville,False,2021-10-27,2024-07-30,-72.0119021,45.3592056
552,da032b3e-9fe9-45e8-bda1-a2a8f3e29629,9900,Boulevard Bourque,,J1N 0G2,-1,9438-8535 QUEBEC INC.,,False,Commerce de gros/para-industriel,Commerce de gros,Commerce de gros,Autres activités d'entreposage,493190.0,Transport et entreposage,Autres activités d'entreposage,,Rock Forest - Deauville,False,2023-02-15,2024-06-12,-72.0855888,45.3067011
562,bea05ddb-612b-4316-acb0-c3c7af2af60c,8850,Boulevard Bourque,,J1N 0G2,1,KENWORTH MASKA,819 864-9900,False,Commerce de gros/para-industriel,Commerce de gros,Commerce de gros,"Grossistes-marchands de camions, de tracteurs routiers et d'autobus",415120.0,Commerce de gros,"Grossistes-marchands de camions, de tracteurs routiers et d'autobus",1141869769.0,Rock Forest - Deauville,False,2020-09-21,2024-06-11,-72.0647816,45.3209654
564,62922908-f982-4da2-a041-cb348ff404ab,9460,Boulevard Bourque,,J1N 0G2,1,PERFORMANCE NC SHERBROOKE,819 821-3595,False,Commerce,Biens réfléchis,Vente de véhicule,"Concessionnaires de motocyclettes, de bateaux et d'autres véhicules automobiles",441220.0,Commerce de détail,"Concessionnaires de motocyclettes, de bateaux et d'autres véhicules automobiles",1166145681.0,Rock Forest - Deauville,True,2020-09-21,2024-06-12,-72.0782905,45.3113961
584,64ea0224-65b7-4010-ac77-3ab303b963fa,69,Chemin Godin,,J1R 0S6,"1, 2",MAÇONNEX,819 565-7980,False,Commerce de gros/para-industriel,Commerce de gros,Commerce de gros,Grossistes-marchands de gammes spécialisées de fournitures de construction,416390.0,Commerce de gros,Grossistes-marchands de gammes spécialisées de fournitures de construction,1169585271.0,Rock Forest - Deauville,False,2020-10-30,2024-08-01,-71.9972002,45.3937805
595,0f6acda8-51f4-4c10-87b7-77d0fae2fed4,7255,Chemin Blanchette,,J1N 0C7,1,CAMPING LAC MAGOG ENR.,819 864-4401,False,Commerce,"Restauration, divertissement et hôtellerie",Camping,Parcs pour véhicules récréatifs (VR) et campings,721211.0,Services d'hébergement et de restauration,Parcs pour véhicules récréatifs (VR) et campings,1173852212.0,Université,False,2020-07-23,2024-07-17,-72.0213331,45.3250396
605,e78e2e47-198f-4533-b9f5-4b6a086c3fe9,3569,Rue Felton,,J1N 2Y7,1,CARROSSIER VINCENT MARCEAU,819 822-0532,False,Commerce,Services aux consommateurs,Entretien automobile,"Réparation et entretien de la carrosserie, de la peinture et de l'intérieur de véhicules automobiles",811121.0,Autres services (sauf les administrations publiques),"Réparation et entretien de la carrosserie, de la peinture et de l'intérieur de véhicules automobiles",,Université,False,2020-04-16,2024-07-17,-71.95351029999999,45.3493275
613,b961472a-8a93-45bf-898e-3d4244d862a7,3200,Chemin de Sainte-Catherine,,J1N 3X9,1,MARCHÉ EXPRESS,819 823-1168,False,Commerce,Biens courants,Alimentation,Stations-service avec dépanneurs,457110.0,Commerce de détail,Stations-service avec dépanneurs,1171683460.0,Université,True,2020-04-16,2024-07-17,-71.9478055,45.3527436
614,e168e7c2-d337-4e10-b833-587fdabfebcb,3310,Chemin de North Hatley,,J1N 2Y5,1,PLOMBERIE MARIO CÔTÉ INC.,819 346-2345,False,Commerce,Construction,Construction,"Entrepreneurs en plomberie, chauffage et climatisation",238220.0,Construction,"Entrepreneurs en plomberie, chauffage et climatisation",1143368455.0,Université,False,2020-04-16,2024-07-17,-71.94488729999999,45.3512589
615,fd8b855f-d2af-4813-ac74-8667ab39bdc6,3060,Chemin de North Hatley,,J1N 2Y4,1,CABLESTRIE INC.,819 238-2158,False,Commerce,Services d'affaires,"Industrie de l'information, des arts et de la culture",Télécommunications par fil et sans fil (sauf par satellite),517310.0,Industrie de l'information et industrie culturelle,Télécommunications par fil et sans fil (sauf par satellite),1166529447.0,Université,False,2020-04-16,2024-07-17,-71.9431553,45.355017
690,5fcf314b-6984-4e57-8ffa-c7bf082cf805,3425,Chemin de Sainte-Catherine,,J1N 0C4,1,GARAGE LUC THIVIÈRGE,819 820-0687,False,Commerce,Services aux consommateurs,Entretien automobile,Réparations générales de véhicules automobiles,811111.0,Autres services (sauf les administrations publiques),Réparations générales de véhicules automobiles,2247019922.0,Université,False,2020-04-16,2024-07-17,-71.95342149999999,45.3505719
708,fca1ae04-5293-4349-bc35-8b3de6ff9cf6,5883,Chemin de Sainte-Catherine,,J1N 0E7,1,VACANT,,False,Commerce de gros/para-industriel,VACANT,VACANT,VACANT,999998.0,Vacant,VACANT,,Université,False,2020-07-23,2024-07-17,-71.9971552,45.3145883
762,01f54096-5f73-40ed-ae5c-a805920bfbd3,4606,Boulevard de l'Université,,J1N 0B4,1,SPA ALGUA SULIS,819 346-1133,False,Commerce,Services aux consommateurs,Soins personnels,Massage thérapeutique,812190.0,Autres services (sauf les administrations publiques),Autres services de soins personnels,,Université,False,2024-01-23,2024-07-17,-71.96812428740105,45.35537400155848
802,8585f015-a2fa-4255-a3ff-42b4b7d5b106,8475,Chemin Blanchette,,J1N 3A3,1,CENTRE JEUNESSE DE L'ESTRIE (VAL-DU-LAC),819 564-7100,False,Institution,Organismes publics et privés,Organismes publics,Services à l'enfance et à la jeunesse,624110.0,Soins de santé et assistance sociale,Services à l'enfance et à la jeunesse,8813375449.0,Université,False,2020-07-23,2024-07-17,-72.01807029999999,45.3141229
821,26f9d94e-7822-4502-a7b9-8e0c59c05649,5760,Chemin de Sainte-Catherine,,J1N 0E7,1,A. R. Z. AUTOS,819 674-7673,False,Commerce,Services aux consommateurs,Entretien automobile,Réparations générales de véhicules automobiles,811111.0,Autres services (sauf les administrations publiques),Réparations générales de véhicules automobiles,3366016874.0,Université,False,2022-06-03,2024-07-17,-71.99317049999999,45.31419019999999
823,29bdc2b6-480b-45be-aecf-6188fbe28622,6031,Chemin Beaudette,,J1N 3B8,"1,2",PIÈCES D'AUTOS USAGÉES SHERBROOKE,819 566-2226,False,Commerce de gros/para-industriel,Commerce de gros,Commerce de gros,Grossistes-marchands de métaux recyclables,418110.0,Commerce de gros,Grossistes-marchands de métaux recyclables,1141987140.0,Université,False,2020-07-23,2024-07-17,-71.99047829999999,45.3125665
825,71ad34cd-3e06-42d9-b36c-29380c6d1b08,3415,Rue Dunant,,J1N 0B5,1,CENTRE CANIN DE L'ESTRIE,819 791-7760,False,Commerce,Services aux consommateurs,Toilettage d'animaux,Soins pour animaux de maison (sauf vétérinaires),812910.0,Autres services (sauf les administrations publiques),Soins pour animaux de maison (sauf vétérinaires),1169663987.0,Université,False,2020-04-16,2024-07-17,-71.9376564,45.3503902
833,2e5cf3d1-7088-45b3-a89b-a6d475374ea1,563,Rue du Parc-Industriel,,J1C 0J2,1,VACANT,,False,Commerce,VACANT,VACANT,VACANT,999998.0,Vacant,VACANT,,Brompton,False,2020-07-14,2024-07-11,-71.961278,45.4590528
834,cd62514c-ab0c-421c-ac7a-cd5c0f363f5a,592,Rue Saint-Lambert,,J1C 0J7,1,VACANT,,False,Commerce,VACANT,VACANT,VACANT,999998.0,Vacant,VACANT,,Brompton,False,2024-06-19,2024-07-11,-71.93449502045651,45.45159156948402
835,c7089e7d-d9de-4241-b448-68ad901076b3,594,Rue Saint-Lambert,,J1C 0J7,1,VACANT,,False,Commerce de gros/para-industriel,VACANT,VACANT,VACANT,999998.0,Vacant,VACANT,,Brompton,False,2024-06-19,2024-07-11,-71.93452439763603,45.451283791344856
836,6a29472b-bc3b-4178-befd-e27859a8cb8f,500,Rue du Parc-Industriel,,J1C 0J2,1,BROMPTON-WINDSOR ENTREPOSAGE,819 846-1722,False,Commerce,Services aux consommateurs,Location,Mini-entrepôts libre-service,531130.0,Services immobiliers et services de location et de location à bail,Mini-entrepôts libre-service,1160892478.0,Brompton,False,2020-07-14,2024-07-15,-71.9644187,45.4659576
837,5dbcf427-500d-4da0-8cc3-f33d6f447c33,534,Rue du Parc-Industriel,,J1C 0J2,"1,2",LES ÉQUIPEMENTS R.M. NADEAU,819 846-6828,False,Commerce de gros/para-industriel,Commerce de gros,Commerce de gros,"Grossistes-marchands de machines et matériel pour l'agriculture, l'entretien des pelouses et le jardinage",417110.0,Commerce de gros,"Grossistes-marchands de machines et matériel pour l'agriculture, l'entretien des pelouses et le jardinage",1144804987.0,Brompton,False,2020-07-14,2024-07-15,-71.9636967,45.4630769
838,62690310-67a8-4220-8b90-d4790ca6e9c5,556,Rue du Parc-Industriel,,J1C 0J2,1,PAVAGE LAVALLÉE ET TANGUAY INC.,819 564-1296,False,Commerce de gros/para-industriel,Construction,Construction,Tous les autres entrepreneurs spécialisés,238990.0,Construction,Tous les autres entrepreneurs spécialisés,1172626914.0,Brompton,False,2020-07-14,2024-07-15,-71.9636277,45.4595029
839,42bd0147-c12f-46e0-8489-ee94e34ab0ff,550,Rue du Parc-Industriel,,J1C 0J2,"1,2",MATÉRIAUX DE CONSTRUCTION LÉTOURNEAU,819 846-4433,False,Commerce,Biens semi-courants,"Quincaillerie, centre de rénovation, jardinage",Centres de rénovation,444110.0,Commerce de détail,Centres de rénovation,1146273850.0,Brompton,False,2020-07-14,2024-07-15,-71.9635578,45.4612207
840,859feede-57b0-41e2-a6d8-533c61895422,538,Rue du Parc-Industriel,,J1C 0J2,1,9289-9103 QUÉBEC INC.,,False,Commerce de gros/para-industriel,Services aux consommateurs,Entretien automobile,Réparations générales de véhicules automobiles,811111.0,Autres services (sauf les administrations publiques),Réparations générales de véhicules automobiles,1169542769.0,Brompton,False,2020-07-14,2024-07-15,-71.9634951,45.4626837
841,5e44dc8e-1aa7-4d66-96fe-9fce94e5e5ad,540,Rue du Parc-Industriel,,J1C 0J2,1,SONICARTE DÉPÔT BROMPTONVILLE,819 563-1181,False,Commerce de gros/para-industriel,Commerce de gros,Commerce de gros,Grossistes-marchands de pétrole et de produits pétroliers,412110.0,Commerce de gros,Grossistes-marchands de pétrole et de produits pétroliers,1171374037.0,Brompton,False,2020-07-14,2024-07-15,-71.9634177,45.462375
842,235f269b-54f1-44e0-94f3-1a60e62ec9c8,1010,Rue de l'Ardoise,,J1C 0J6,1,O. HAINAULT,819 993-7666,False,Commerce de gros/para-industriel,Services d'affaires,Entretien,Réparation et entretien de machines et de matériel d'usage commercial et industriel (sauf les véhicules automobiles et le matériel électronique),811310.0,Autres services (sauf les administrations publiques),Réparation et entretien de machines et de matériel d'usage commercial et industriel (sauf les véhicules automobiles et le matériel électronique),1167134882.0,Brompton,False,2020-07-14,2024-07-15,-71.9610163,45.4499189
844,967bc182-f7d0-4dfa-a325-2d0a1e0ee50b,800,Rue de l'Ardoise,,J1C 0J6,"1,2",EXCAVATION RENÉ ST-PIERRE,819 565-1494,False,Commerce de gros/para-industriel,Construction,Construction,Entrepreneurs en préparation de terrains,238910.0,Construction,Entrepreneurs en préparation de terrains,1142834887.0,Brompton,False,2020-07-14,2024-07-15,-71.9595441,45.4540775
847,31981dbf-59df-4a94-85b6-468b5cc988cc,333,Route de Windsor,,J1C 0E5,1,LES ENCHÈRES A/B,819 572-1279,False,Commerce,Biens réfléchis,Ventes aux enchères,Ventes aux enchères,459999.0,Commerce de détail,Tous les autres détaillants de détail divers (sauf les détaillants de matériel pour la fabrication de la bière et du vin),3348581664.0,Brompton,False,2020-07-14,2024-07-11,-71.9525802,45.4854956
889,aa03c94d-cf77-478c-b097-d7ec24e8f538,2569,Chemin des Écossais,,J1C 0J5,1,ENCAN ESTRIE,819 470-8002,False,Commerce,Biens réfléchis,Ventes aux enchères,Ventes aux enchères,459999.0,Commerce de détail,Tous les autres détaillants de détail divers (sauf les détaillants de matériel pour la fabrication de la bière et du vin),,Brompton,False,2020-07-14,2024-07-16,-71.9383285,45.44866760000001
890,d17ddc07-92f1-4e6c-bafe-ce44bff7c1a7,2571,Chemin des Écossais,A,J1C 0J5,1,MULTI CONCEPT AG,819 452-1750,False,Commerce de gros/para-industriel,Services d'affaires,Services d'entretien d'immeuble,Tous les autres services relatifs aux bâtiments et aux logements,561799.0,"Services administratifs, services de soutien, services de gestion des déchets et services d'assainissement",Tous les autres services relatifs aux bâtiments et aux logements,1166114802.0,Brompton,False,2020-07-14,2024-07-16,-71.93762079999999,45.4488059
891,27a6f87c-c7aa-4f6f-851d-91fc75653d29,588,Rue Saint-Lambert,,J1C 0J7,1,DOMINICK AUTO SPORT LTÉE,819 846-2751,False,Commerce,Biens réfléchis,Vente de véhicule,Concessionnaires d'automobiles d'occasion,441120.0,Commerce de détail,Concessionnaires d'automobiles d'occasion,1165602518.0,Brompton,False,2020-07-14,2024-07-16,-71.93487120000002,45.4520146
892,a3f7705b-6acb-461d-afda-5a452400b904,600,Rue Saint-Lambert,,J1C 0J7,1,AUTO PLACE CENTRE DE MÉCANIQUE PAUL GAUTHIER,819 846-3174,False,Commerce,Services aux consommateurs,Entretien automobile,Réparations générales de véhicules automobiles,811111.0,Autres services (sauf les administrations publiques),Réparations générales de véhicules automobiles,1148022214.0,Brompton,True,2020-07-14,2024-07-16,-71.93361809999999,45.4501464
893,3ce414f7-9679-4952-858f-bf8f3c96adc4,370,Rue Saint-Lambert,,J1C 0N9,1,VACANT,,False,Commerce,VACANT,VACANT,VACANT,999998.0,Vacant,VACANT,,Brompton,False,2020-07-14,2024-07-11,-71.933329,45.4675662
894,2007b64a-be10-4475-8a4b-ed1aaca20a56,7500,Rue Saint-François Nord,,J1C 0A4,1,GARAGE L. BISAILLON,819 846-4087,False,Commerce,Services aux consommateurs,Entretien automobile,Réparations générales de véhicules automobiles,811111.0,Autres services (sauf les administrations publiques),Réparations générales de véhicules automobiles,,Brompton,False,2020-07-14,2024-07-11,-71.9238987,45.4732318
895,53f06f96-e5a4-4e07-9605-6875e694926f,576,Chemin de Notre-Dame-des-Mères,,J1C 0A7,1,MARCO BROCHU ENR.,819 846-2221,False,Commerce de gros/para-industriel,Services aux consommateurs,Entretien automobile,"Réparation et entretien de la carrosserie, de la peinture et de l'intérieur de véhicules automobiles",811121.0,Autres services (sauf les administrations publiques),"Réparation et entretien de la carrosserie, de la peinture et de l'intérieur de véhicules automobiles",2241198144.0,Brompton,False,2020-07-14,2024-07-11,-71.92303749999999,45.4918539
896,059c3741-e5af-4a70-8f81-7fe5760c9bdb,528,Chemin du 4e Rang,,J1C 0A1,1,MECAN EXPERT,819 993-0211,False,Commerce,Services aux consommateurs,Entretien automobile,Réparations générales de véhicules automobiles,811111.0,Autres services (sauf les administrations publiques),Réparations générales de véhicules automobiles,2272677172.0,Brompton,False,2020-07-14,2024-07-11,-71.9007367,45.5078946
897,67d54e8d-ecb7-4482-894a-2a79b12967fe,731,Chemin de Notre-Dame-des-Mères,,J1C 0A7,1,LES LOISIRS DE NOTRE-DAME-DES-MÈRES INC.,,False,Commerce,"Restauration, divertissement et hôtellerie",Installations sportives et de loisirs,Toutes les autres industries du divertissement et du loisir,713999.0,"Arts, spectacles et loisirs",Toutes les autres industries du divertissement et du loisir,1142326785.0,Brompton,False,2020-07-14,2024-07-11,-71.9056994,45.51045
898,4a25676b-4516-4be4-9b39-19ca8de6c45d,2573,Chemin des Écossais,,J1C 0J5,"1,2",SOUDURE NOMADE,819 571-6516,False,Commerce de gros/para-industriel,Fabrication,Autre fabrication,Toutes les autres activités diverses de fabrication,339990.0,Fabrication,Toutes les autres activités diverses de fabrication,1176432434.0,Brompton,False,2021-03-04,2024-07-16,-71.93723419999999,45.4488177
905,db95eeb6-1da7-4190-b56d-57e629b85936,525,Rue du Parc-Industriel,,J1C 0J2,"1,2",CONSTRUCTION YVON PERREAULT,819 574-7555,False,Commerce de gros/para-industriel,Construction,Construction,Construction résidentielle,236110.0,Construction,Construction résidentielle,1143418771.0,Brompton,False,2020-07-14,2024-07-15,-71.9625372,45.46368729999999
911,8239367f-a587-425e-a907-a3f52b3b810e,545,Rue du Parc-Industriel,,J1C 0J2,1,MILIEM,819 846-2226,False,Commerce de gros/para-industriel,Fabrication,Machinerie,Fabrication de toutes les autres machines d'usage général,333990.0,Fabrication,Fabrication de toutes les autres machines d'usage général,1166414210.0,Brompton,False,2020-07-14,2024-07-15,-71.9621516,45.46193379999999
913,0c3f1f28-0477-4d2c-bb7a-893db611541b,537,Rue du Parc-Industriel,,J1C 0J2,1,SHERBROOKE TECH ET SERVICE,819 846-5121,False,Commerce de gros/para-industriel,Fabrication,Machinerie,Ateliers d'usinage,332710.0,Fabrication,Ateliers d'usinage,1173654907.0,Brompton,False,2020-07-14,2024-07-15,-71.9623101,45.4627014
940,f79c3df3-7f37-442e-bee5-59935b3978f7,11,Rue Véronneau,,J1C 0K2,1,ÉBÉNISTERIE LOUIS BLAIS,819 846-6485,False,Commerce de gros/para-industriel,Fabrication,Mobilier,Fabrication d'autres meubles de maison en bois,337123.0,Fabrication,Fabrication d'autres meubles de maison en bois,1161238036.0,Brompton,False,2021-04-29,2024-07-16,-71.9340565,45.4595943
946,f57951a4-5f20-492a-a40b-09b8266faf61,2501,Chemin des Écossais,,J1C 0J5,"-1, 1",PA DUBOIS ÉLECTRIQUE,819 566-0080,False,Commerce de gros/para-industriel,Construction,Construction,Entrepreneurs en travaux d'électricité et en installation de câblage,238210.0,Construction,Entrepreneurs en travaux d'électricité et en installation de câblage,1143148097.0,Brompton,False,2020-07-14,2024-07-15,-71.9598032,45.4492056
947,0b5fa0c2-cc41-414c-94ab-605f8cd22188,520,Rue du Parc-Industriel,,J1C 0J2,"-1, 1",MOTEL ÉCONO NUIT,819 846-6788,False,Commerce,"Restauration, divertissement et hôtellerie",Hôtellerie,Motels,721114.0,Services d'hébergement et de restauration,Motels,1161833067.0,Brompton,False,2020-07-14,2024-07-15,-71.9648178,45.4650806
948,64b1a0f6-c459-44fb-b9d2-c9f415344380,546,Rue du Parc-Industriel,,J1C 0J2,"1,2",CONSTRUCTIONS FRANCIS VACHON,819 846-1515,False,Commerce de gros/para-industriel,Construction,Construction,Construction résidentielle,236110.0,Construction,Construction résidentielle,1166891524.0,Brompton,False,2020-07-14,2024-07-16,-71.96364160000002,45.4617043
953,63c5fdbc-dc26-42bb-87dc-87d6564f87ec,1030,Rue de l'Ardoise,,J1C 0B1,1,VACANT,,False,Commerce de gros/para-industriel,VACANT,VACANT,VACANT,999998.0,Vacant,VACANT,,Brompton,False,2020-07-14,2024-07-11,-71.96080789999999,45.4490707
954,3ad6d1f8-1580-440d-82a0-9a928601bb0b,33,Rue Winder,,J1M 1L5,1,CENTRE DE FORMARTION PROFESSIONNELLE LENNOXVILLE,819 563-5627,False,Commerce de gros/para-industriel,Services d'enseignement,Services d'enseignement,Formation professionnelle et perfectionnement en gestion,611430.0,Services d'enseignement,Formation professionnelle et perfectionnement en gestion,,Lennoxville,False,2023-10-30,2024-06-18,-71.85399360934808,45.35533080376727
960,fef42a46-70dd-4674-8351-9bbb7df213a1,3175,Rue College,,J1M 0E7,1,CASERNE INCENDIE LENNOXVILLE,819 823-8000,False,Institution,Organismes publics et privés,Organismes publics,Services municipaux de lutte contre les incendies,913140.0,Administrations publiques,Services municipaux de lutte contre les incendies,8831854920.0,Lennoxville,False,2020-02-18,2024-06-18,-71.87332219999999,45.3652255
961,e4873b60-1e1e-4171-822f-d6306e8ccc0e,3355,Rue College,,J1M 0B8,1,RÉSEAU DU PATRIMOINE ANGLOPHONE DU QUÉBEC,819 564-9595,False,Commerce,Organismes publics et privés,"Organismes communautaires, fondations, groupes de citoyens",Organismes d'action sociale,813310.0,Autres services (sauf les administrations publiques),Organismes d'action sociale,1161425054.0,Lennoxville,False,2020-02-18,2024-06-18,-71.8763526,45.364792
1005,f9243f51-f405-4380-8380-13df013c5e0e,29,Rue Winder,,J1M 1L5,1,STÉPHANE COUTURE,,False,Commerce de gros/para-industriel,NON-CLASSÉS,NON-CLASSÉS,NON-CLASSÉS,999999.0,Non-classés,NON-CLASSÉS,,Lennoxville,False,2023-10-30,2024-05-22,-71.85400256390308,45.35562340133188
1006,7281b6b1-09cb-42c1-8a9c-4c136e5f54dc,103,Rue Winder,,J1M 1L6,"1,2,3",GARAGE J.B. LAROCHE,819 564-8405,False,Commerce,Services aux consommateurs,Entretien automobile,Réparations générales de véhicules automobiles,811111.0,Autres services (sauf les administrations publiques),Réparations générales de véhicules automobiles,1162347570.0,Lennoxville,False,2020-02-18,2024-06-18,-71.851885,45.35201039999999
1009,f184e79e-5e2a-44f3-8f9b-3d5a5fe924ef,1399,Rue Campbell,,J1M 0C1,1,ÉCOLE PRIMAIRE LA SOURCE,819 791-3701,False,Institution,Services d'enseignement,Services d'enseignement,Écoles primaires et secondaires,611110.0,Services d'enseignement,Écoles primaires et secondaires,1167557835.0,Lennoxville,False,2020-02-18,2024-06-18,-71.8461204,45.3423472
1010,f16a90a3-2d0d-4bdd-b2c7-0d3cc2f04272,2600,Rue College,,J1M 1Z7,1,SPORT CENTER COFFEE SHOP,,False,Commerce,"Restauration, divertissement et hôtellerie",Restauration,"Café, salon de thé, bar à smoothies",722512.0,Services d'hébergement et de restauration,Établissements de restauration à service restreint,1144890390.0,Lennoxville,False,2020-02-18,2024-06-18,-71.84229719999999,45.3636422
1011,88f622d6-a4cf-4162-bc55-296ed708d93d,80,Chemin Moulton Hill,,J1M 1Z8,"1, 2, 3",BISHOP'S COLLEGE SCHOOL,819 566-0227,False,Institution,Services d'enseignement,Services d'enseignement,Écoles primaires et secondaires,611110.0,Services d'enseignement,Écoles primaires et secondaires,1145061330.0,Lennoxville,False,2020-02-18,2024-06-17,-71.8419875,45.3713434
1012,27580b60-7a81-496b-a72e-280c9edb4026,2200,Chemin Bowers,,J1M 0B9,1,CLUB DE GOLF MILBY INC.,819 562-4260,False,Commerce,"Restauration, divertissement et hôtellerie",Installations sportives et de loisirs,Terrains de golf et country clubs,713910.0,"Arts, spectacles et loisirs",Terrains de golf et country clubs,1142997833.0,Lennoxville,False,2020-02-18,2024-06-14,-71.82518809999999,45.32600929999999
1041,c2499c08-f130-45d2-8ab7-77d1d9103f18,100,Rue du Cardinal-Lavigerie,,J1M 0A2,"1, 2, 3",VACANT,,False,Institution,VACANT,VACANT,VACANT,999998.0,Vacant,VACANT,,Lennoxville,False,2019-12-07,2024-06-14,-71.8460109,45.3820737
1046,07e53f1a-d81d-4390-bf3c-9ebff7f856c6,1700,Rue College,,J1M 0C8,1,CENTRE DE FORMATION PROFESSIONNELLE LENNOXVILLE,819 563-5627,False,Institution,Services d'enseignement,Services d'enseignement,Écoles techniques et écoles de métiers,611510.0,Services d'enseignement,Écoles techniques et écoles de métiers,,Lennoxville,False,2024-05-21,2024-06-18,-71.81405379222844,45.36486154821841
1398,bd9ad8c9-0051-4d9b-a3fc-18c81186260a,9327,Chemin de Saint-Élie,,J1R 0C4,1,ST-ÉLIE MOTORSPORTS,,False,Commerce,"Restauration, divertissement et hôtellerie",Installations sportives et de loisirs,Autres installations de course et activités connexes,711214.0,"Arts, spectacles et loisirs",Autres installations de course et activités connexes,1165462574.0,Saint-Élie,False,2020-09-28,2024-06-26,-72.1040332,45.3725597
1399,f7871b31-221e-4c9d-8fba-fc5d7393c513,8580,Chemin de Saint-Élie,,J1R 0C4,1,DÉPANNEUR CALEB 2007,819 822-3014,False,Commerce,Biens courants,Alimentation,Stations-service avec dépanneurs,457110.0,Commerce de détail,Stations-service avec dépanneurs,1163463517.0,Saint-Élie,False,2020-09-30,2024-06-26,-72.07967359999999,45.3829056
1400,f957f47e-d664-42d6-9527-620456925095,1646,Chemin Laliberté,,J1R 0C5,1,PIEUX VISTECH ESTRIE INC.,819 820-4240,False,Commerce de gros/para-industriel,Construction,Construction,Entrepreneurs en préparation de terrains,238910.0,Construction,Entrepreneurs en préparation de terrains,1172650484.0,Saint-Élie,False,2020-09-28,2024-07-03,-72.0550988,45.36439070000001
1404,f9e368ea-e7fa-4e57-84f4-f18b46a43654,1686,Chemin Laliberté,,J1R 0C5,"1,2",DBO EXPERT,818 636-0057,False,Commerce de gros/para-industriel,Construction,Construction,Entrepreneurs en préparation de terrains,238910.0,Construction,Entrepreneurs en préparation de terrains,,Saint-Élie,False,2020-09-28,2024-07-03,-72.05418,45.3659132
1438,21676eb0-11b7-429e-864a-6f39dadf6a11,1225,Chemin Dion,,J1R 0R8,1,GARAGE S. COUTURE,819 432-2280,False,Commerce,Services aux consommateurs,Entretien automobile,Réparations générales de véhicules automobiles,811111.0,Autres services (sauf les administrations publiques),Réparations générales de véhicules automobiles,1174518127.0,Saint-Élie,False,2020-09-30,2024-07-03,-72.00434430000001,45.4228407
1439,05c32197-0305-4d03-8e7b-67dd63778d98,668,Chemin Dion,,J1R 0R8,1,LES GRUES GR,819 823-8815,False,Commerce de gros/para-industriel,Construction,Construction,Tous les autres entrepreneurs spécialisés,238990.0,Construction,Tous les autres entrepreneurs spécialisés,1142545244.0,Saint-Élie,False,2020-09-30,2024-07-03,-72.0031865,45.4097984
1440,88ec3cba-db8e-49df-a1bc-69a319a10cea,606,Chemin Dion,,J1R 0R8,1,VACANT,,False,Commerce de gros/para-industriel,VACANT,VACANT,VACANT,999998.0,Vacant,VACANT,,Saint-Élie,False,2020-09-30,2024-06-18,-72.0031049,45.4089234
1444,1453496d-d1ca-4ba0-8232-055eab287039,264,Chemin Dion,,J1R 0R8,1,DFJ MOULES INC.,819 823-2203,False,Commerce,Fabrication,Machinerie,Fabrication de moules industriels,333511.0,Fabrication,Fabrication de moules industriels,1173837593.0,Saint-Élie,False,2020-09-30,2024-07-03,-72.003,45.4010604
1458,9fd32fac-4e0f-44ca-8e48-fd4eb241ef22,381,Chemin Georges-Vallières,,J1R 0R1,1,RÉFRIGÉRATION GAGNÉ,819 346-7093,False,Commerce de gros/para-industriel,Commerce de gros,Commerce de gros,"Grossistes-marchands de matériel et fournitures de plomberie, de chauffage et de climatisation",416120.0,Commerce de gros,"Grossistes-marchands de matériel et fournitures de plomberie, de chauffage et de climatisation",1144081354.0,Saint-Élie,False,2020-09-30,2024-07-03,-71.98927859999999,45.4281881
1465,8862398c-7888-4970-970e-fc72e1cf8166,1626,Chemin Laliberté,,J1R 0C5,1,GOUPRO ALUMINIUM,819 565-1354,False,Commerce de gros/para-industriel,Fabrication,Métaux,Fabrication d'autres produits métalliques d'ornement et d'architecture,332329.0,Fabrication,Fabrication d'autres produits métalliques d'ornement et d'architecture,1146223160.0,Saint-Élie,False,2020-09-28,2024-07-03,-72.0561067,45.3635939
1474,68235472-9805-4fb6-96f3-a248d8d8531f,7702,Chemin de Saint-Élie,,J1R 0C4,1,GAZONEIGE,819 823-6790,False,Commerce de gros/para-industriel,Services d'affaires,Services d'entretien d'immeuble,Services d'aménagement paysager,561730.0,"Services administratifs, services de soutien, services de gestion des déchets et services d'assainissement",Services d'aménagement paysager,1166672908.0,Saint-Élie,False,2020-09-30,2024-06-26,-72.0557707,45.3919952
1481,55b417b8-bd8b-462d-9f0e-a40d659e7340,7860,Chemin de Saint-Élie,,J1R 0C4,1,CERTI RECYCLAGE,819 822-1000,False,Commerce de gros/para-industriel,Commerce de gros,Commerce de gros,Grossistes-marchands de métaux recyclables,418110.0,Commerce de gros,Grossistes-marchands de métaux recyclables,1164149115.0,Saint-Élie,False,2020-09-30,2024-06-26,-72.06024839999999,45.3905807
1490,e84a2272-7c3e-41b6-83d3-4992f095130a,8540,Chemin de Saint-Élie,,J1R 0A8,1,ÉLÉGANCE COIFFURE HOMME ET FEMME,819 342-7595,False,Commerce,Services aux consommateurs,Soins personnels,Salons de coiffure unisexes,812116.0,Autres services (sauf les administrations publiques),Salons de coiffure unisexes,,Saint-Élie,False,2020-09-30,2024-06-18,-72.078496,45.3832364
1519,e1e4c6f9-8792-41b9-a079-ae743d95dec6,1001,Chemin Dion,3,J1R 0R8,1,WILL WESS LOCATION,,False,Commerce de gros/para-industriel,Services aux consommateurs,Location,Location et location à bail d'autres machines et matériel d'usage commercial et industriel,532490.0,Services immobiliers et services de location et de location à bail,Location et location à bail d'autres machines et matériel d'usage commercial et industriel,2275679456.0,Saint-Élie,False,2020-09-30,2024-08-15,-72.00545020000001,45.4185659
1544,17e585b2-9433-4f36-98d4-30d2da719a0e,8719,Chemin de Saint-Élie,,J1R 0C4,1,ATELIERS DU BOIS DE ROSE,819 346-2571,False,Commerce de gros/para-industriel,Fabrication,Mobilier,Fabrication d'autres meubles de maison en bois,337123.0,Fabrication,Fabrication d'autres meubles de maison en bois,1171782882.0,Saint-Élie,False,2020-09-28,2024-06-26,-72.0841445,45.3801469
1675,0794b4cb-a94c-4bdf-be3d-bcb9e951c3ee,2735,Boulevard Queen-Victoria,,J1J 4N8,1,AIM RECYCLAGE SHERBROOKE,819 563-8012,False,Commerce de gros/para-industriel,Commerce de gros,Commerce de gros,Grossistes-marchands de métaux recyclables,418110.0,Commerce de gros,Grossistes-marchands de métaux recyclables,1162152061.0,Jacques-Cartier,False,2020-06-05,2024-08-13,-71.9204421,45.4385084
1887,68460056-fa13-4cf5-adcf-0f03396320ec,1255,Boulevard du Plateau-Saint-Joseph,,J1L 3E2,1,MICHAELS MAGASIN D'ARTISANAT,819 416-1708,False,Commerce,Biens semi-courants,Passe-temps,"Magasins d'articles de passe-temps, de jouets et de jeux",459120.0,Commerce de détail,"Détaillants d'articles de passe-temps, de jouets et de jeux",1167023598.0,Jacques-Cartier,True,2020-06-05,2024-08-12,-71.9692934,45.4197465
1890,9ad37fea-2139-40e2-adfa-b5c3c869cbcc,1305,Boulevard du Plateau-Saint-Joseph,,J1L 3E2,1,VACANT,,False,Commerce,VACANT,VACANT,VACANT,999998.0,Vacant,VACANT,,Jacques-Cartier,False,2022-05-16,2024-08-02,-71.9683295,45.419723
1893,b53f3648-3ebf-4ff3-be33-c5115cb285d5,1455,Boulevard du Plateau-Saint-Joseph,,J1L 3E2,1,MEUBLES LÉON,819 822-5366,False,Commerce,Biens réfléchis,Ameublement,Meubles de maison et appareils ménagers,449110.0,Commerce de détail,Détaillants de meubles,1142558148.0,Jacques-Cartier,True,2020-06-05,2024-08-12,-71.9675729,45.4221971
1924,9989e2ef-3c94-43cd-bf52-21d46a924fad,3455,Rue du Fer-Droit,,J1H 0A8,1,GOLF ET ACADÉMIE LONGCHAMP,819 563-9393,False,Commerce,"Restauration, divertissement et hôtellerie",Installations sportives et de loisirs,Terrains de golf et country clubs,713910.0,"Arts, spectacles et loisirs",Terrains de golf et country clubs,1170402490.0,Jacques-Cartier,False,2020-07-14,2024-08-12,-71.95978389999999,45.4444757
1954,ab8d5df3-ab05-4b3b-8905-4e0d3c5ce173,2690,Chemin des Écossais,,J1H 0A7,1,CLUB DE GOLF DES ÉCOSSAIS,819 564-9292,False,Commerce,"Restauration, divertissement et hôtellerie",Installations sportives et de loisirs,Terrains de golf et country clubs,713910.0,"Arts, spectacles et loisirs",Terrains de golf et country clubs,2272891435.0,Jacques-Cartier,False,2020-07-14,2024-07-16,-71.93868739999999,45.448196
1957,f8dd8078-21fd-4199-851f-e697b7c3ff51,3555,Boulevard Queen-Victoria,,J1H 0B6,1,DÉPANNEUR BONI-SOIR,819 348-9353,False,Commerce,Biens courants,Alimentation,Stations-service avec dépanneurs,457110.0,Commerce de détail,Stations-service avec dépanneurs,1167738419.0,Jacques-Cartier,True,2020-07-14,2024-08-01,-71.9312255,45.448007700000005
1958,3e51af32-c36a-40c6-949f-39ef717c7572,3531,Boulevard Queen-Victoria,,J1H 0B6,1,VACANT,,False,Commerce,VACANT,VACANT,VACANT,999998.0,Vacant,VACANT,,Jacques-Cartier,False,2020-07-14,2024-07-03,-71.9308557,45.4478159
1959,9375c681-c1db-4007-8087-7d08fb0ad7bd,3065,Boulevard Queen-Victoria,,J1J 4N8,1,TRANSPORT ET CAMIONNAGE HARRY INC.,819 566-2664,False,Commerce de gros/para-industriel,Transport,Transport de marchandises,Transport local par camion de marchandises diverses,484110.0,Transport et entreposage,Transport local par camion de marchandises diverses,1142409102.0,Jacques-Cartier,False,2021-07-06,2024-08-13,-71.9245794,45.4409131
1960,25d6aa89-2667-4783-8db9-03dd5595b1b9,2837,Boulevard Queen-Victoria,,J1J 4N8,1,BOUCHERIE FACE DE BOEUF,819 481-5555,False,Commerce,Biens courants,Alimentation,Boucheries,445240.0,Commerce de détail,Boucheries,1142421347.0,Jacques-Cartier,False,2020-06-05,2024-08-13,-71.9216941,45.4396754
1969,be56a347-029e-45c5-8a13-0fe6afeaa4f1,2365,Boulevard Queen-Victoria,,J1J 3X6,1,INVESTISSEMENT RENÉ ST-PIERRE LTEE,819 821-0717,False,Commerce de gros/para-industriel,Construction,Construction,Entrepreneurs en préparation de terrains,238910.0,Construction,Entrepreneurs en préparation de terrains,1142834887.0,Jacques-Cartier,False,2020-06-05,2024-08-13,-71.9166195,45.4338905
1988,efeb4a65-c2d5-4c15-aef9-96d67e32dfec,576,Rue Prospect,,J1H 1A8,"1, 2",B&B ÎLE DE GARDE,819 346-0142,False,Commerce,"Restauration, divertissement et hôtellerie",Hôtellerie,Gîtes touristiques,721191.0,Services d'hébergement et de restauration,Gîtes touristiques,2268151695.0,Jacques-Cartier,False,2020-08-06,2024-07-05,-71.8985544,45.40789290000001
1989,940b46bd-cd40-4d00-a437-210137f645f3,530,Rue Prospect,,J1H 1A8,"1, 2",SERVICE D'AIDE AUX NÉO-CANADIENS,819 566-5373,False,Commerce,Organismes publics et privés,"Organismes communautaires, fondations, groupes de citoyens",Organismes d'action sociale,813310.0,Autres services (sauf les administrations publiques),Organismes d'action sociale,1144937100.0,Jacques-Cartier,False,2020-08-06,2024-07-05,-71.8978607,45.4076103
2059,ee041736-7c95-4e32-93aa-996579027805,1355,Boulevard du Plateau-Saint-Joseph,,J1L 3E2,1,HOME DEPOT,819 348-4481,False,Commerce,Biens semi-courants,"Quincaillerie, centre de rénovation, jardinage",Centres de rénovation,444110.0,Commerce de détail,Centres de rénovation,1148628630.0,Jacques-Cartier,True,2020-06-05,2024-08-12,-71.9688659,45.4210599
2073,324d6412-f997-4454-ad32-2c46a4027427,3600,Boulevard de Monseigneur-Fortier,,J1L 0C8,1,STARBUCKS,819 969-0960,False,Commerce,"Restauration, divertissement et hôtellerie",Restauration,"Café, salon de thé, bar à smoothies",722512.0,Services d'hébergement et de restauration,Établissements de restauration à service restreint,1160513306.0,Jacques-Cartier,True,2023-02-02,2024-08-12,-71.96026930677417,45.424200171930806
2352,c9ddcf1f-d4a8-4fc7-b506-520b02fff2d0,1995,Boulevard du Plateau-Saint-Joseph,,J1L 3E2,1,CASERNE ROBERT-DAVIDSON,819 821-5517,False,Institution,Organismes publics et privés,Organismes publics,Services municipaux de lutte contre les incendies,913140.0,Administrations publiques,Services municipaux de lutte contre les incendies,,Jacques-Cartier,False,2020-06-05,2024-08-12,-71.9625908,45.4269433
2364,199e8f59-8234-40cd-8917-95de4f1c7674,510,Rue Prospect,,J1H 1A8,1,ÉGLISE BAPTISTE DU BERGER,819 823-1919,False,Institution,Organismes publics et privés,Organismes religieux,Organismes religieux,813110.0,Autres services (sauf les administrations publiques),Organismes religieux,1162657259.0,Jacques-Cartier,False,2020-08-06,2024-07-05,-71.897744,45.4074765
2402,7d79e37c-af0d-4c14-80f7-08c24fed7d71,2275,Rue Claude-Greffard,,J1H 5H1,1,VILLE DE SHERBROOKE,819 823-8000,False,Commerce de gros/para-industriel,Organismes publics et privés,Organismes publics,"Autres services des administrations publiques locales, municipales et régionales",913910.0,Administrations publiques,"Autres services des administrations publiques locales, municipales et régionales",8831854920.0,Jacques-Cartier,False,2020-07-14,2024-08-02,-71.93183239999999,45.4427655
2415,80256dd6-79be-49f8-a715-4c2835725d2e,125,Chemin Georges-Vallières,,J1H 4A9,1,GOUVERNEMENT DU QUÉBEC,819 820-3224,False,Commerce de gros/para-industriel,Organismes publics et privés,Organismes publics,Autres services des administrations publiques provinciales et territoriales,912910.0,Administrations publiques,Autres services des administrations publiques provinciales et territoriales,,Jacques-Cartier,False,2020-09-30,2024-08-12,-71.9722609,45.42590920000001
2428,ad60a3b4-5d01-4d4f-bdf5-aeb966eb918a,1290,Boulevard du Plateau-Saint-Joseph,,J1L 0A5,1,VACANT,,False,Commerce,VACANT,VACANT,VACANT,999998.0,Vacant,VACANT,,Jacques-Cartier,False,2023-06-14,2024-08-12,-71.967591,45.4192383
2429,cc40de4f-d7fe-4873-a94e-4a8ca3415e68,1310,Boulevard du Plateau-Saint-Joseph,,J1L 0A5,1,L'ÉQUIPEUR,819 564-1998,False,Commerce,Biens semi-courants,Mode,Magasins de tous les autres types de vêtements,458119.0,Commerce de détail,Détaillants de tous les autres types de vêtements,1143722933.0,Jacques-Cartier,True,2020-06-05,2024-08-12,-71.967591,45.4192383
2488,58cbac66-c963-4f44-89d9-15c3535fa4d4,765,Rue Goretti,,J1E 3H3,1,DÉPANNEUR BONI-SOIR,819 566-1766,False,Commerce,Biens courants,Alimentation,Stations-service avec dépanneurs,457110.0,Commerce de détail,Stations-service avec dépanneurs,1167738310.0,Fleurimont,True,2019-12-07,2024-06-27,-71.8959558,45.4114166
2572,fa18cc3f-6acc-4b14-a2ac-0f926c223ef8,2590,12e Avenue Nord,,J1H 5H3,1,CENTRE AUTO MAX,819 346-3898,False,Commerce,Services aux consommateurs,Entretien automobile,Réparations générales de véhicules automobiles,811111.0,Autres services (sauf les administrations publiques),Réparations générales de véhicules automobiles,1148071302.0,Fleurimont,False,2019-12-07,2024-06-13,-71.8672054,45.44275
2598,dff5ba7b-40bc-4e03-9092-f12767960da0,3420,12e Avenue Nord,A,J1H 5H3,"1,2",ENVIRONNEMENT ROUTIER NRJ INC.,819 822-1677,False,Commerce de gros/para-industriel,Construction,Construction,"Construction de routes, de rues et de ponts",237310.0,Construction,"Construction de routes, de rues et de ponts",1142611939.0,Fleurimont,False,2019-12-07,2024-06-13,-71.8593073,45.45205879999999
2602,8b38db62-0628-4f29-b86b-b8d92c47390f,3780,Chemin Duplessis,Porte no. 4,J1H 0C2,1,EXCAVATION CARLO LEMAY INC.,819 565-4412,False,Commerce de gros/para-industriel,Construction,Construction,Entrepreneurs en préparation de terrains,238910.0,Construction,Entrepreneurs en préparation de terrains,1160313061.0,Fleurimont,False,2019-12-07,2024-06-13,-71.8587302,45.450986
2622,e4b210c7-9114-4606-83ae-93bb49e030bf,1671,Chemin Duplessis,,J1H 0C2,"-1,1",CENTRE JULIEN DUCHARME,819 565-0522,False,Lieu public,"Restauration, divertissement et hôtellerie",Installations sportives et de loisirs,Exploitants de stades et autres diffuseurs avec installations,711319.0,"Arts, spectacles et loisirs",Exploitants de stades et autres diffuseurs avec installations,,Fleurimont,False,2019-12-07,2024-06-25,-71.8535114,45.4315567
2627,c2091dba-6b40-4aa9-9942-dfe5b9b09a0d,1641,Chemin Duplessis,,J1H 0C2,1,MULTI PUTT,819 821-1866,False,Commerce,"Restauration, divertissement et hôtellerie",Installations sportives et de loisirs,Autres installations sportives,713992.0,"Arts, spectacles et loisirs",Autres installations sportives,1142061887.0,Fleurimont,False,2019-12-07,2024-06-25,-71.851734,45.42921859999999
2630,c8717da4-c849-46b7-85bd-aff1e5428349,1580,Chemin Duplessis,,J1H 0C2,1,BERTHOL CROTEAU EXCAVATION,819 346-9490,False,Commerce de gros/para-industriel,Construction,Construction,Entrepreneurs en préparation de terrains,238910.0,Construction,Entrepreneurs en préparation de terrains,1142146662.0,Fleurimont,False,2019-12-07,2024-06-25,-71.84876299999999,45.4290041
2644,6bbfd0bb-688c-4803-9e56-7f59e7682844,2405,Chemin Lemire,,J1H 0C5,1,DOMAINE JOLY-MONT INC.,819 562-6492,False,Commerce,"Restauration, divertissement et hôtellerie",Camping,Parcs pour véhicules récréatifs (VR) et campings,721211.0,Services d'hébergement et de restauration,Parcs pour véhicules récréatifs (VR) et campings,1166562679.0,Fleurimont,False,2019-12-07,2024-06-25,-71.83763669999999,45.4267862
2646,d436b33e-19f9-4070-b1ed-52786878b62f,3420,Rue King Est,,J1G 5J3,1,ENTREPRISES LARRY,819 347-1128,False,Commerce de gros/para-industriel,Services aux consommateurs,Location,Location et location à bail d'autres machines et matériel d'usage commercial et industriel,532490.0,Services immobiliers et services de location et de location à bail,Location et location à bail d'autres machines et matériel d'usage commercial et industriel,1163874689.0,Fleurimont,False,2019-12-07,2024-05-14,-71.826329,45.4233463
2647,4e0d85b3-4ae1-4ed5-bba4-97e8d7da8937,2175,Chemin Alfred-Champigny,,J1H 5H2,1,ISOTECH INC.,819 822-3934,False,Commerce de gros/para-industriel,Construction,Construction,Entrepreneurs en installation de cloisons sèches et travaux d'isolation,238310.0,Construction,Entrepreneurs en installation de cloisons sèches et travaux d'isolation,1144156016.0,Fleurimont,False,2019-12-07,2024-05-14,-71.8223191,45.4364564
2651,1831e954-2274-410b-81aa-37fc637866f1,2500,Rue Saint-François Nord,suite 100,J1H 0J1,1,PIEUX XTREME SHERBROOKE INC.,819 820-0824,False,Commerce de gros/para-industriel,Construction,Construction,Entrepreneurs en préparation de terrains,238910.0,Construction,Entrepreneurs en préparation de terrains,1166570706.0,Fleurimont,False,2019-12-07,2024-06-27,-71.90881089999999,45.4358749
2655,60f7f85a-d8e1-46f3-8974-709c2406c6d2,3001,12e Avenue Nord,,J1H 5N4,1,SODEXO,,False,Institution,"Restauration, divertissement et hôtellerie",Restauration,Services de restauration contractuels,722310.0,Services d'hébergement et de restauration,Services de restauration contractuels,1143106194.0,Fleurimont,False,2024-09-30,,-71.86958286094969,45.44761231306305
2658,0246ff27-09f3-4964-a43b-243f3a11faf9,3171,Rue King Est,,J1G 5J1,1,TOILETTAGE AU SPAW,819 200-2720,False,Commerce,Services aux consommateurs,Toilettage d'animaux,Soins pour animaux de maison (sauf vétérinaires),812910.0,Autres services (sauf les administrations publiques),Soins pour animaux de maison (sauf vétérinaires),2276944354.0,Fleurimont,False,2019-12-07,2024-05-14,-71.8287263,45.420324
2659,0d654c0a-0058-4746-aa81-50df87357969,3183,Rue King Est,,J1G 5J3,1,MARCO JETTÉ HAIEMONDAGE,819 434-1223,False,Commerce de gros/para-industriel,Services d'affaires,Services d'entretien d'immeuble,Services d'aménagement paysager,561730.0,"Services administratifs, services de soutien, services de gestion des déchets et services d'assainissement",Services d'aménagement paysager,2268354521.0,Fleurimont,False,2021-01-29,2024-05-14,-71.8287263,45.420324
2660,6268ad50-51b3-471f-aa4d-d6bf50b602e1,3175,Rue King Est,,J1G 5J1,1,TRANSPORT TOMMY NADEAU,819 679-2426,False,Commerce de gros/para-industriel,Transport,Transport de marchandises,"Transport par camion de marchandises diverses sur de longues distances, charge partielle",484122.0,Transport et entreposage,"Transport par camion de marchandises diverses sur de longues distances, charge partielle",1174293374.0,Fleurimont,False,2019-12-07,2024-05-14,-71.8287263,45.420324
2661,9dad4a34-f0db-4df6-a591-548a1bcaf366,3173,Rue King Est,,J1G 5J1,1,TOITURE HULK,819 446-7809,False,Commerce de gros/para-industriel,Construction,Construction,Entrepreneurs en travaux de toiture,238160.0,Construction,Entrepreneurs en travaux de toiture,,Fleurimont,False,2019-12-07,2024-05-16,-71.8287263,45.420324
2694,dcb0774d-d5ab-4cfa-b95e-4a9ea7656255,2800,Rue Alice-Girard,,J1H 5H3,1,VACANT,,False,Commerce,VACANT,VACANT,VACANT,999998.0,Vacant,VACANT,,Fleurimont,False,2023-09-11,2024-06-13,-71.86679012773948,45.44306507065613
2718,e6de4342-5e18-45e6-81a9-c1f2cf98eda8,3542,Rue King Est,,J1G 5J3,1,SECRET IMPORT,819 919-0587,False,Commerce,Services aux consommateurs,Entretien automobile,Tous les autres services de réparation et d'entretien de véhicules automobiles,811199.0,Autres services (sauf les administrations publiques),Tous les autres services de réparation et d'entretien de véhicules automobiles,,Fleurimont,False,2023-05-18,2024-05-14,-71.8253697,45.425221500000006
2719,bd1a8741-077b-49c4-a135-87f32869d91c,3536,Rue King Est,,J1G 5J3,"1,2",GROUPE DESROCHERS MONTPETIT,819 481-0544,False,Commerce,Construction,Construction,Tous les autres entrepreneurs spécialisés,238990.0,Construction,Tous les autres entrepreneurs spécialisés,1168838705.0,Fleurimont,False,2022-11-18,2024-05-14,-71.8253697,45.4252215
2720,4f24cbab-0ac0-466d-91f2-e9bce89b7ca4,3545,Rue King Est,,J1G 5J4,1,BUMPER TO BUMPER,819 820-2010,False,Commerce,Biens semi-courants,Marchandises spécialisées,Magasins de pièces et d'accessoires pour véhicules automobiles,441330.0,Commerce de détail,Détaillants de pièces et d'accessoires pour véhicules automobiles,1175130419.0,Fleurimont,True,2019-12-07,2024-05-14,-71.8263075,45.4253796
2721,278bc582-58e4-40f2-b000-0084b71309a8,3665,Rue King Est,,J1G 5J4,1,GROUPE LUC FAUTEUX INC.,819 821-2109,False,Commerce,Construction,Construction,Entrepreneurs en travaux de parements,238170.0,Construction,Entrepreneurs en travaux de parements,1173315426.0,Fleurimont,False,2019-12-07,2024-05-14,-71.825852,45.42650039999999
2759,26bdd74f-2fd5-41c1-84e7-95e757bb308f,3555,Rue King Est,,J1G 5J4,1,GYM IMMERSION SANTÉ,819 571-7789,False,Commerce,"Restauration, divertissement et hôtellerie",Installations sportives et de loisirs,Conditionnement physique,713940.0,"Arts, spectacles et loisirs",Centres de sports récréatifs et de conditionnement physique,1178945839.0,Fleurimont,False,2019-12-07,2024-05-14,-71.8262641,45.4257015
2760,4ba8feb2-d779-48ee-b9c0-b37ba9c8c215,3551,Rue King Est,,J1G 5J4,1,PUR NOISETIER INC,819 791-0777,False,Commerce de gros/para-industriel,Commerce de gros,Commerce de gros,Tous les autres grossistes-marchands,418990.0,Commerce de gros,Tous les autres grossistes-marchands,1161823738.0,Fleurimont,False,2019-12-07,2024-05-14,-71.8262641,45.4257015
2783,cdf5ff64-44d3-4a2f-9e5c-12ca7b680ba1,3000,12e Avenue Nord,200,J1H 5H3,-1,GOLF LOUNGE,819 822-2112,False,Commerce,"Restauration, divertissement et hôtellerie",Installations sportives et de loisirs,Toutes les autres industries du divertissement et du loisir,713999.0,"Arts, spectacles et loisirs",Toutes les autres industries du divertissement et du loisir,1178140670.0,Fleurimont,False,2021-12-16,2024-06-13,-71.8623406,45.4463204
2955,48d4098d-7b73-438e-8d80-581850a6c87c,3275,Rue King Est,,J1E 3Y7,"1, 2",MINI ENTREPÔTS CIBLE FLEURIMONT INC.,819 864-6030,False,Commerce de gros/para-industriel,Services aux consommateurs,Location,Mini-entrepôts libre-service,531130.0,Services immobiliers et services de location et de location à bail,Mini-entrepôts libre-service,1177592418.0,Fleurimont,False,2019-12-07,2024-05-14,-71.82827089999999,45.4217611
2956,9aa08e39-a230-4c84-b470-6b7a0b127c78,2875,Rue Carignan,,J1E 3Y7,1,VACANT,,False,Commerce,VACANT,VACANT,VACANT,999998.0,Vacant,VACANT,,Fleurimont,False,2019-12-07,2024-05-14,-71.82827089999999,45.4217611
2957,66b7922a-ede9-4bcb-b7fb-071f02deeaa2,2865,Rue Carignan,,J1E 3Y7,1,VACANT,,False,Commerce de gros/para-industriel,VACANT,VACANT,VACANT,999998.0,Vacant,VACANT,,Fleurimont,False,2024-03-13,2024-05-14,-71.82854202564687,45.42177557506841
2959,4a223957-4f36-4e1e-b055-36624b4a9271,3331,Rue King Est,,J1E 3Y8,1,TAXIDERMIE,819 829-3819,False,Commerce de gros/para-industriel,Commerce de gros,Commerce de gros,Tous les autres grossistes-marchands,418990.0,Commerce de gros,Tous les autres grossistes-marchands,1143953744.0,Fleurimont,False,2019-12-07,2024-05-14,-71.82774959999999,45.4224888
2960,e51d230c-1cf0-46d6-a740-947c5fa966b8,3525,Rue King Est,A,J1G 5J4,1,REVÊTEMENTS ALU-EXPERT,819 780-3338,False,Commerce de gros/para-industriel,Construction,Construction,"Entrepreneurs en autres travaux de fondations, de structure, et d'extérieur de bâtiment",238190.0,Construction,"Entrepreneurs en autres travaux de fondations, de structure, et d'extérieur de bâtiment",1171139968.0,Fleurimont,False,2021-03-30,2024-05-14,-71.8263736,45.4249476
2964,a37c27a7-1fae-49ea-a6c0-dbd7d1522662,2869,Rue Carignan,,J1E 3Y7,1,VACANT,,False,Commerce de gros/para-industriel,VACANT,VACANT,VACANT,999998.0,Vacant,VACANT,,Fleurimont,False,2024-05-08,2024-05-14,-71.82854202747399,45.42177545586262
2965,90c12f30-56ae-47ea-bc76-9e434fdfed6d,2885,Rue Carignan,,J1E 3Y7,1,ONGLES DE KIM,438 376-8081,False,Commerce,Services aux consommateurs,Soins personnels,Salons de beauté,812115.0,Autres services (sauf les administrations publiques),Salons de beauté,,Fleurimont,False,2024-05-08,2024-05-14,-71.82854202747399,45.42177545586262
2973,7e80948f-0dd2-4159-bde8-f512a2a89b00,3191,Rue King Est,,J1E 3Y6,1,VACANT,,False,Commerce,VACANT,VACANT,VACANT,999998.0,Vacant,VACANT,,Fleurimont,False,2019-12-07,2024-05-14,-71.82859253453935,45.42052200639291
2974,2e9f841d-160b-49b2-b312-7b49361d989b,3195,Rue King Est,,J1E 3Y6,1,WMC AUTOS,819 933-9993,False,Commerce,Biens réfléchis,Vente de véhicule,Concessionnaires d'automobiles d'occasion,441120.0,Commerce de détail,Concessionnaires d'automobiles d'occasion,1175498766.0,Fleurimont,False,2019-12-07,2024-05-14,-71.8281753,45.4212373
2983,d251f05c-891c-4ef4-b6b6-b10521e83266,3200,Rue King Est,,J1E 3Y7,1,B. M. PRO-TECH,819 432-7585,False,Commerce,Services aux consommateurs,Entretien automobile,Réparations générales de véhicules automobiles,811111.0,Autres services (sauf les administrations publiques),Réparations générales de véhicules automobiles,1174227711.0,Fleurimont,False,2019-12-07,2024-05-14,-71.8273591,45.4210691
2984,fbe05d7e-d959-46f3-a973-4d8665be8cd8,3250,Rue King Est,,J1E 3Y7,1,VACANT,,False,Commerce,VACANT,VACANT,VACANT,999998.0,Vacant,VACANT,,Fleurimont,False,2019-12-07,2024-05-14,-71.8272094,45.4212421
2985,651f6ec7-58e4-4e4c-aff7-94b5be187448,3290,Rue King Est,,J1E 3Y7,1,CARBURES DE L’ESTRIE,819 562-3627,False,Commerce de gros/para-industriel,Services d'affaires,Entretien,Réparation et entretien de machines et de matériel d'usage commercial et industriel (sauf les véhicules automobiles et le matériel électronique),811310.0,Autres services (sauf les administrations publiques),Réparation et entretien de machines et de matériel d'usage commercial et industriel (sauf les véhicules automobiles et le matériel électronique),1143274166.0,Fleurimont,False,2019-12-07,2024-05-14,-71.82695919999999,45.421833
2986,14a1015d-0165-4cc4-a534-c1b4385382d1,3370,Rue King Est,,J1G 5J3,1,BERNIER POMPES TRAITEMENTS D'EAU,819 563-9172,False,Commerce de gros/para-industriel,Construction,Construction,Construction d'aqueducs et d'égouts et structures connexes,237110.0,Construction,Construction d'aqueducs et d'égouts et structures connexes,1146857108.0,Fleurimont,False,2019-12-07,2024-05-14,-71.8264097,45.4230919
2987,953e4680-64e2-48ad-a419-c0ab1c080c47,3450,Rue King Est,,J1G 5J3,1,HYDRAULIQUE C.T.,819 563-6060,False,Commerce de gros/para-industriel,Services aux consommateurs,Entretien automobile,Autres services de réparation et d'entretien mécaniques et électriques de véhicules automobiles,811199.0,Autres services (sauf les administrations publiques),Tous les autres services de réparation et d'entretien de véhicules automobiles,1149121452.0,Fleurimont,False,2019-12-07,2024-05-14,-71.8260373,45.4237918
2992,75fe510a-8d33-4aa9-afe0-43a447160109,3015,Rue Gastin,,J1H 0E5,1,LEMAY’EUR ESTHÉTIQUE,819 346-8791,False,Commerce,Services aux consommateurs,Entretien automobile,Lave-autos,811192.0,Autres services (sauf les administrations publiques),Lave-autos,2260975877.0,Fleurimont,False,2019-12-07,2024-05-14,-71.8237304,45.4266792
2993,67188874-b58c-423f-a7ed-c75211805bdf,3005,Rue Gastin,,J1H 0E5,1,DUFAULT & GOBEIL ÉLECTRICIENS INC.,819 563-1509,False,Commerce de gros/para-industriel,Construction,Construction,Entrepreneurs en travaux d'électricité et en installation de câblage,238210.0,Construction,Entrepreneurs en travaux d'électricité et en installation de câblage,1142994392.0,Fleurimont,False,2019-12-07,2024-05-14,-71.8240483,45.4267534
3030,e82259c3-44a5-45d4-ada6-2156fb3d3024,2095,Chemin Alfred-Champigny,,J1H 5H2,1,PIÈCES D'AUTOS FLEURIMONT INC.,819 564-5020,False,Commerce de gros/para-industriel,Commerce de gros,Commerce de gros,Grossistes-marchands de métaux recyclables,418110.0,Commerce de gros,Grossistes-marchands de métaux recyclables,1142541698.0,Fleurimont,False,2019-12-07,2024-05-14,-71.8223874,45.4351747
3036,095d1f9a-6716-4c26-a7b8-ec9850bb4ab5,2395,Chemin Lemire,,J1H 0C5,1,PUR PISCINE MOVA,819 822-3371,False,Commerce de gros/para-industriel,Biens réfléchis,"Piscines, spas et cabanons","Piscines, spas et cabanons",459999.0,Commerce de détail,Tous les autres détaillants de détail divers (sauf les détaillants de matériel pour la fabrication de la bière et du vin),,Fleurimont,False,2024-05-14,2024-06-25,-71.83851539999999,45.42673029999999
3038,2666a12e-7334-4695-9ebf-c8cceea57980,3000,Rue du Chalumeau,,J1G 5E9,1,ÉCOLE PRIMAIRE DE LA SAMARE,819 822-6888,False,Institution,Services d'enseignement,Services d'enseignement,Écoles primaires et secondaires,611110.0,Services d'enseignement,Écoles primaires et secondaires,8831850100.0,Fleurimont,False,2019-12-07,2024-06-07,-71.8282317,45.40241650000001
3046,72ddf03d-afe3-4003-a09b-5464dd5f0adb,3326,Rue King Est,,J1G 5J3,1,LEHOUILLIER GAZ BAR INC.,819 569-8037,False,Commerce,Biens courants,Alimentation,Stations-service avec dépanneurs,457110.0,Commerce de détail,Stations-service avec dépanneurs,1142063859.0,Fleurimont,False,2020-05-21,2024-05-14,-71.8267817,45.4223175
3047,a4ff038c-0bfc-4acf-b68f-6b9c2ab0897d,3480,Rue King Est,,J1G 5J3,1,AUTO VALUE GARAGE C. A. LEMAY,819 432-3920,False,Commerce,Services aux consommateurs,Entretien automobile,Réparations générales de véhicules automobiles,811111.0,Autres services (sauf les administrations publiques),Réparations générales de véhicules automobiles,1169780849.0,Fleurimont,True,2019-12-07,2024-05-14,-71.82602109999999,45.4242335
3048,afc71588-c5da-4255-9c2f-d65fe4e20a3e,3496,Rue King Est,,J1G 5J3,1,BUMPER TO BUMPER DG MÉCANIQUE,819 791-6565,False,Commerce,Services aux consommateurs,Entretien automobile,Réparations générales de véhicules automobiles,811111.0,Autres services (sauf les administrations publiques),Réparations générales de véhicules automobiles,1169178010.0,Fleurimont,True,2019-12-07,2024-05-14,-71.82575299999999,45.4245795
3132,8aa64204-492a-47ad-a930-77027b7ddfc0,3220,12e Avenue Nord,,J1H 5H3,"1, 2, 3",CHSLD VIGI SHERMONT (CENTRE D'HÉBERGEMENT DE SOINS DE LONGUE DURÉE),819 820-8900,False,Institution,Organismes publics et privés,Organismes publics,Établissements communautaires de soins pour personnes âgées,623310.0,Soins de santé et assistance sociale,Établissements communautaires de soins pour personnes âgées,1173575094.0,Fleurimont,False,2019-12-07,2024-06-13,-71.86072779999999,45.44935759999999
3133,14723b31-365f-4643-85fb-f914ad5b3900,675,Côte de Beauvoir,,J1C 0B8,1,SANCTUAIRE DU SACRÉ-CŒUR-DE-BEAUVOIR,819 569-2535,False,Institution,Organismes publics et privés,Organismes religieux,Organismes religieux,813110.0,Autres services (sauf les administrations publiques),Organismes religieux,1146503223.0,Fleurimont,False,2022-12-07,2024-06-25,-71.8976519,45.4548721
